goal_utility_ratio,critical_success_rate,mean_latency,energy,events,outages,handovers,reroutes,model,trust,policy,scenario,replicate,seed,final_hash,thinning_rejections,scenario_mobility,scenario_stress,scenario_channel,scenario_demand,regime,local_scenario
0.8982035443037976,1.0,0.6592873923398861,5.76,12,0,0,0,oracle,1.0,throughput,90000,0,1.7416740510967638e+19,dbbc0b7f13d7c33184e4a97cfde503c718e6205cde72b86495327e159d283484,8,1.0133914838638711,0.8531428704338317,0.966484448364148,0.8500912955157371,id,0
0.8982035443037976,1.0,0.6542399864851357,5.76,12,0,0,0,oracle,1.0,semantic,90000,0,1.7416740510967638e+19,b1cfd4f41484337686a6722402a70dc5e40f9e4b9046d3fb6ccb6e21b5b42da4,8,1.0133914838638711,0.8531428704338317,0.966484448364148,0.8500912955157371,id,0
0.7468366917293233,0.8,0.6030941713505961,9.771999999999998,21,0,1,0,mechanistic_calibrated,0.0,throughput,90000,0,1.7416740510967638e+19,e8d099bb207498927919ab1b8852f83b8f8c3eb39a8c202f927fdba12491ac8f,13,1.0133914838638711,0.8531428704338317,0.966484448364148,0.8500912955157371,id,0
0.7468366917293233,0.8,0.5979356746383807,9.771999999999998,21,0,1,0,mechanistic_calibrated,0.0,semantic,90000,0,1.7416740510967638e+19,ccd5cece3c78386d335a3169f03844e05b23ce38b5d61e53ddc00379bebede9d,13,1.0133914838638711,0.8531428704338317,0.966484448364148,0.8500912955157371,id,0
0.7468366917293233,0.8,0.6030941713505961,9.771999999999998,21,0,1,0,residual_quarter,0.25,throughput,90000,0,1.7416740510967638e+19,4714202386902707c5ea98d16eca4055fc6fbeb06c74695d25adba03ebfb215f,13,1.0133914838638711,0.8531428704338317,0.966484448364148,0.8500912955157371,id,0
0.7468366917293233,0.8,0.5979356746383807,9.771999999999998,21,0,1,0,residual_quarter,0.25,semantic,90000,0,1.7416740510967638e+19,171808b844529122bb4f58d4fe0391b58b0d3798c91c2c6dda4b0bdf00173aa9,13,1.0133914838638711,0.8531428704338317,0.966484448364148,0.8500912955157371,id,0
0.8982035443037976,1.0,0.6807966091567438,5.76,12,0,0,0,residual_idcal,0.5,throughput,90000,0,1.7416740510967638e+19,2ad9803400f4d61a713a20bda501d2b1cb1b33096abbc4d26fb1979184126fc6,8,1.0133914838638711,0.8531428704338317,0.966484448364148,0.8500912955157371,id,0
0.8982035443037976,1.0,0.6757061845595228,5.76,12,0,0,0,residual_idcal,0.5,semantic,90000,0,1.7416740510967638e+19,286ecac64c10d9e8d2614b896617f367868a115bf87af7add8b0f07f8d0b5e63,9,1.0133914838638711,0.8531428704338317,0.966484448364148,0.8500912955157371,id,0
0.5277625806451612,0.5,0.8708653716427273,9.992,15,0,0,0,residual_predictive,1.0,throughput,90000,0,1.7416740510967638e+19,d4babf3ff1c6616e8c120f8cb1d202376b1d7d2b34add7ac6da6de92103c8bd2,16,1.0133914838638711,0.8531428704338317,0.966484448364148,0.8500912955157371,id,0
0.5277625806451612,0.5,0.8667954942725299,9.992,15,0,0,0,residual_predictive,1.0,semantic,90000,0,1.7416740510967638e+19,1cb9065c056ba2aa0f955a5cfb8db48f32bca24cd54b047b7a8d9049dd9b2920,16,1.0133914838638711,0.8531428704338317,0.966484448364148,0.8500912955157371,id,0
0.7411199999999999,0.0,0.38739194546898476,10.896,14,0,0,0,oracle,1.0,throughput,90000,1,1.0734070646124376e+19,8151365281272d6e3fc4394b8c481f271a38ee478d569ced663989e14d04481d,11,1.0133914838638711,0.8531428704338317,0.966484448364148,0.8500912955157371,id,0
0.7411199999999999,0.0,0.38695013018991475,10.896,14,0,0,0,oracle,1.0,semantic,90000,1,1.0734070646124376e+19,751a4c39c1e5204433bff1df51ca81a5faba2a86536b0b6778c44c60047f8b89,11,1.0133914838638711,0.8531428704338317,0.966484448364148,0.8500912955157371,id,0
0.7411199999999999,0.0,0.38739194546898476,10.896,14,0,0,0,mechanistic_calibrated,0.0,throughput,90000,1,1.0734070646124376e+19,4a00f372fe72c21e0667575c24ca516171f3b6d91b856f260de61bbf78d894e6,11,1.0133914838638711,0.8531428704338317,0.966484448364148,0.8500912955157371,id,0
0.7411199999999999,0.0,0.38695013018991475,10.896,14,0,0,0,mechanistic_calibrated,0.0,semantic,90000,1,1.0734070646124376e+19,a276aa6996c001b916e74e915fd5870c286e42219fb1782ee1b175156d61d218,11,1.0133914838638711,0.8531428704338317,0.966484448364148,0.8500912955157371,id,0
0.7411199999999999,0.0,0.38739194546898476,10.896,14,0,0,0,residual_quarter,0.25,throughput,90000,1,1.0734070646124376e+19,5b641d0d2f93d895f0cf9d35c11ab48571c89208a28589fbaa1d83e3fc23a29f,11,1.0133914838638711,0.8531428704338317,0.966484448364148,0.8500912955157371,id,0
0.7411199999999999,0.0,0.38695013018991475,10.896,14,0,0,0,residual_quarter,0.25,semantic,90000,1,1.0734070646124376e+19,0b388dcd424e61c421e4443468abe87d31ffd924eb83e104dad77b9168986940,11,1.0133914838638711,0.8531428704338317,0.966484448364148,0.8500912955157371,id,0
0.7411199999999999,0.0,0.38739194546898476,10.896,14,0,0,0,residual_idcal,0.5,throughput,90000,1,1.0734070646124376e+19,d161c12847c86d76339ecfae8c68f18e37fa435e65f15779e4dd2170fbd491d4,11,1.0133914838638711,0.8531428704338317,0.966484448364148,0.8500912955157371,id,0
0.7411199999999999,0.0,0.38695013018991475,10.896,14,0,0,0,residual_idcal,0.5,semantic,90000,1,1.0734070646124376e+19,f841907c45e5815d3317340f3046a9b408daca878ed9d681d4cc27f24bbfa300,11,1.0133914838638711,0.8531428704338317,0.966484448364148,0.8500912955157371,id,0
0.7411199999999999,0.0,0.38739194546898476,10.896,14,0,0,0,residual_predictive,1.0,throughput,90000,1,1.0734070646124376e+19,d6d4dc7e9817f975f0c6f2fb09f82440b7df030642c991bd73c477b43366736b,11,1.0133914838638711,0.8531428704338317,0.966484448364148,0.8500912955157371,id,0
0.7411199999999999,0.0,0.38695013018991475,10.896,14,0,0,0,residual_predictive,1.0,semantic,90000,1,1.0734070646124376e+19,bf4c4feb13496ac2136ba8a7a78ef3f134b0656c04588c1a763a08f4d731f2fd,11,1.0133914838638711,0.8531428704338317,0.966484448364148,0.8500912955157371,id,0
0.25984,0.0,0.07196854942118014,2.4,8,0,1,0,oracle,1.0,throughput,90001,0,6.426771953190556e+18,f3a8ff583a48f22ebfcf8b8547df9977e38fffaa3b0920452207af71d246ff1e,11,0.8927667436653215,0.7549388033451883,1.0601512000147644,0.8293838314912321,id,1
0.51968,0.0,0.17090271423355285,4.8,9,0,1,0,oracle,1.0,semantic,90001,0,6.426771953190556e+18,21d64375c59ad5ea2c4d14910658a6082bcaa1aa37a48675cdef8f0e7600e2f6,9,0.8927667436653215,0.7549388033451883,1.0601512000147644,0.8293838314912321,id,1
0.6282666666666668,0.0,0.2384304809979616,5.664,9,0,1,0,mechanistic_calibrated,0.0,throughput,90001,0,6.426771953190556e+18,a51cba681de321662273b0ccb11e7af5ae7a36e7c64d716c6b757f8184fa5fe3,9,0.8927667436653215,0.7549388033451883,1.0601512000147644,0.8293838314912321,id,1
0.6282666666666668,0.0,0.23808182808067957,5.664,9,0,1,0,mechanistic_calibrated,0.0,semantic,90001,0,6.426771953190556e+18,1ce0a2c773b8b0e5c7a629b709a8acfb21d272ff484750f63473ba05cdb77fba,9,0.8927667436653215,0.7549388033451883,1.0601512000147644,0.8293838314912321,id,1
0.51968,0.0,0.17097488766654223,4.8,9,0,1,0,residual_quarter,0.25,throughput,90001,0,6.426771953190556e+18,d0e1313d6a2f3fbf97ee4b03ec436698325a0b7ecdc8b2d4544cc6a52a3bcaa4,9,0.8927667436653215,0.7549388033451883,1.0601512000147644,0.8293838314912321,id,1
0.51968,0.0,0.17090271423355285,4.8,9,0,1,0,residual_quarter,0.25,semantic,90001,0,6.426771953190556e+18,ad228ca8d592b5e1d6745036389ccc1518ddc24621f9f2a2a39a0d1232a4b785,9,0.8927667436653215,0.7549388033451883,1.0601512000147644,0.8293838314912321,id,1
0.51968,0.0,0.17097488766654223,4.8,9,0,1,0,residual_idcal,0.5,throughput,90001,0,6.426771953190556e+18,f6d8d388cdeace5f71e2a3fa60bf7783c33ec47ebaef7ab7fb0c3c7457930670,9,0.8927667436653215,0.7549388033451883,1.0601512000147644,0.8293838314912321,id,1
0.51968,0.0,0.17090271423355285,4.8,9,0,1,0,residual_idcal,0.5,semantic,90001,0,6.426771953190556e+18,75bad20d4410c24422653eecb5890cfca4a83b13866f5ce4681724e8aa88d60c,9,0.8927667436653215,0.7549388033451883,1.0601512000147644,0.8293838314912321,id,1
0.25984,0.0,0.07196854942118014,2.4,8,0,1,0,residual_predictive,1.0,throughput,90001,0,6.426771953190556e+18,7f703b8a1839e87d6e237803466be460684a40baf1421afdfd613f0ad9004d02,11,0.8927667436653215,0.7549388033451883,1.0601512000147644,0.8293838314912321,id,1
0.51968,0.0,0.17090271423355285,4.8,9,0,1,0,residual_predictive,1.0,semantic,90001,0,6.426771953190556e+18,56929254b3faabc999366b95a3e088c4dc544236af25298ce7a8a7799cff8f70,9,0.8927667436653215,0.7549388033451883,1.0601512000147644,0.8293838314912321,id,1
0.663537777777778,1.0,0.08156758586526174,6.843999999999999,19,0,4,0,oracle,1.0,throughput,90001,1,1.394809569384759e+19,082b3b9d7c75d37b8a33cb7ecabecb5287814475bad26183bf14cdd494786691,8,0.8927667436653215,0.7549388033451883,1.0601512000147644,0.8293838314912321,id,1
0.663537777777778,1.0,0.08018017742734836,6.843999999999999,19,0,4,0,oracle,1.0,semantic,90001,1,1.394809569384759e+19,c134a4b83e69cb81cc7e0cd3a28d01c3490320907931efc246afe244c50f86f8,8,0.8927667436653215,0.7549388033451883,1.0601512000147644,0.8293838314912321,id,1
0.663537777777778,1.0,0.08156758586526174,6.843999999999999,19,0,4,0,mechanistic_calibrated,0.0,throughput,90001,1,1.394809569384759e+19,74faf7c5215f169807c638a39fd30a36ce7878cb92bfc42994a3631b0c3e2807,8,0.8927667436653215,0.7549388033451883,1.0601512000147644,0.8293838314912321,id,1
0.663537777777778,1.0,0.08018017742734836,6.843999999999999,19,0,4,0,mechanistic_calibrated,0.0,semantic,90001,1,1.394809569384759e+19,136cdfcf4c3058336155c5fcc76137ce20edba0071d91fa3645080b85307fcbd,8,0.8927667436653215,0.7549388033451883,1.0601512000147644,0.8293838314912321,id,1
0.663537777777778,1.0,0.08156758586526174,6.843999999999999,19,0,4,0,residual_quarter,0.25,throughput,90001,1,1.394809569384759e+19,0316dc91c41a9539d60231109103cabed7347e21496a75149d714cae7e050071,8,0.8927667436653215,0.7549388033451883,1.0601512000147644,0.8293838314912321,id,1
0.663537777777778,1.0,0.08018017742734836,6.843999999999999,19,0,4,0,residual_quarter,0.25,semantic,90001,1,1.394809569384759e+19,0f779064b61a58caac768783f584bdcebfbb7cb4735a50752b6e73e503fdcbbd,8,0.8927667436653215,0.7549388033451883,1.0601512000147644,0.8293838314912321,id,1
0.663537777777778,1.0,0.08156758586526174,6.843999999999999,19,0,4,0,residual_idcal,0.5,throughput,90001,1,1.394809569384759e+19,4553a12dc66cc7b1fc01977f3f7b83206ad6e81b197e67a12a3b8f52d13d9c63,8,0.8927667436653215,0.7549388033451883,1.0601512000147644,0.8293838314912321,id,1
0.663537777777778,1.0,0.08018017742734836,6.843999999999999,19,0,4,0,residual_idcal,0.5,semantic,90001,1,1.394809569384759e+19,f3a2ad7254476de1189fb775647aaf7b2756525dceb8abe8e51d5c9e9500586c,8,0.8927667436653215,0.7549388033451883,1.0601512000147644,0.8293838314912321,id,1
0.663537777777778,1.0,0.08156758586526174,6.843999999999999,19,0,4,0,residual_predictive,1.0,throughput,90001,1,1.394809569384759e+19,0541c10fdfa9346de0f6f354a4f67a8c81f863ddcecb0f752bd4153de300f7e8,8,0.8927667436653215,0.7549388033451883,1.0601512000147644,0.8293838314912321,id,1
0.663537777777778,1.0,0.08018017742734836,6.843999999999999,19,0,4,0,residual_predictive,1.0,semantic,90001,1,1.394809569384759e+19,5707b43c57936968a06959519d01f198ca34c3108b8588741426d88f6f4b72f2,8,0.8927667436653215,0.7549388033451883,1.0601512000147644,0.8293838314912321,id,1
0.8872017582417585,1.0,0.35109165885314864,14.003999999999998,21,0,0,0,oracle,1.0,throughput,90002,0,1.6007145286567457e+19,60c98f550e04690d74e2bfa2192310b0dffc8fc90c86827afddf2da07a9c61ba,10,1.0731673979858134,0.7907707801564282,0.9060926544571994,0.939727445583492,id,2
0.8872017582417585,1.0,0.3470064169414215,14.003999999999998,21,0,0,0,oracle,1.0,semantic,90002,0,1.6007145286567457e+19,32cb5872fc7f086206cbeddbff95c1e20078d4ab8b98634e36b2a86606b0eb5b,10,1.0731673979858134,0.7907707801564282,0.9060926544571994,0.939727445583492,id,2
0.6258317241379312,0.6666666666666666,0.30040815833413037,9.991999999999999,17,0,0,0,mechanistic_calibrated,0.0,throughput,90002,0,1.6007145286567457e+19,17ea89b3a70a5197e2d28217be587c0f3cd29b9b4a0355f70567b8a690949875,14,1.0731673979858134,0.7907707801564282,0.9060926544571994,0.939727445583492,id,2
0.6258317241379312,0.6666666666666666,0.29586909237697995,9.991999999999999,17,0,0,0,mechanistic_calibrated,0.0,semantic,90002,0,1.6007145286567457e+19,a31b88a52b6b3568b6508baa10898431e53afa6d3c5bade374c2e2f25be66e64,14,1.0731673979858134,0.7907707801564282,0.9060926544571994,0.939727445583492,id,2
0.6258317241379312,0.6666666666666666,0.30040815833413037,9.991999999999999,17,0,0,0,residual_quarter,0.25,throughput,90002,0,1.6007145286567457e+19,c914360e8c1cb9b640dcef1e1944749e42e80540aaea76d616e040cbefbd444b,14,1.0731673979858134,0.7907707801564282,0.9060926544571994,0.939727445583492,id,2
0.6258317241379312,0.6666666666666666,0.29586909237697995,9.991999999999999,17,0,0,0,residual_quarter,0.25,semantic,90002,0,1.6007145286567457e+19,6499924f8e8b5163198a187c396a24f74be868781a251ded4fdbd7c45ab5b68a,14,1.0731673979858134,0.7907707801564282,0.9060926544571994,0.939727445583492,id,2
0.6258317241379312,0.6666666666666666,0.30040815833413037,9.991999999999999,17,0,0,0,residual_idcal,0.5,throughput,90002,0,1.6007145286567457e+19,30b4d983749b40c2b956a62e1ddd110c09e375f0c20451b1a856f224843f99f5,14,1.0731673979858134,0.7907707801564282,0.9060926544571994,0.939727445583492,id,2
0.6258317241379312,0.6666666666666666,0.29586909237697995,9.991999999999999,17,0,0,0,residual_idcal,0.5,semantic,90002,0,1.6007145286567457e+19,cb19b39d9278bce8acb144f045b561ee5a4c3cda7f95d1868820f5130ef71448,14,1.0731673979858134,0.7907707801564282,0.9060926544571994,0.939727445583492,id,2
0.6258317241379312,0.6666666666666666,0.30040815833413037,9.991999999999999,17,0,0,0,residual_predictive,1.0,throughput,90002,0,1.6007145286567457e+19,3b05b6d0f69f6fa3b0ba3d74d18ddfa17e314d5443517ce1f2709536a62aefdd,14,1.0731673979858134,0.7907707801564282,0.9060926544571994,0.939727445583492,id,2
0.6258317241379312,0.6666666666666666,0.29586909237697995,9.991999999999999,17,0,0,0,residual_predictive,1.0,semantic,90002,0,1.6007145286567457e+19,5769da03c44ea1f24ca83bf27e5e766ef219f19b9d1967e062b31b59937d2343,14,1.0731673979858134,0.7907707801564282,0.9060926544571994,0.939727445583492,id,2
0.4592592592592592,0.5,0.11635711008264193,1.18,7,0,0,0,oracle,1.0,throughput,90002,1,1.2397038736008219e+19,b821d5a824ae270caa4e2b7f061d3853729b8d2576ee2e31011a8133398fcd57,7,1.0731673979858134,0.7907707801564282,0.9060926544571994,0.939727445583492,id,2
0.4592592592592592,0.5,0.20147675457366354,1.18,7,0,0,0,oracle,1.0,semantic,90002,1,1.2397038736008219e+19,f95bd15960d6d2312042965cc9d324c2985e32f4112c0fec6aefb3cb5c7f3256,6,1.0731673979858134,0.7907707801564282,0.9060926544571994,0.939727445583492,id,2
0.4592592592592592,0.5,0.11635711008264193,1.18,7,0,0,0,mechanistic_calibrated,0.0,throughput,90002,1,1.2397038736008219e+19,6126b4f1c8b84063295bf418510fe979d4bb7bc2b31b804a57f0c7f4e9968594,7,1.0731673979858134,0.7907707801564282,0.9060926544571994,0.939727445583492,id,2
0.4592592592592592,0.5,0.20147675457366354,1.18,7,0,0,0,mechanistic_calibrated,0.0,semantic,90002,1,1.2397038736008219e+19,39d06e06c6f9baa821fadccff475f827f0b7e4840f571917b43961d9fda1d237,6,1.0731673979858134,0.7907707801564282,0.9060926544571994,0.939727445583492,id,2
0.4592592592592592,0.5,0.11635711008264193,1.18,7,0,0,0,residual_quarter,0.25,throughput,90002,1,1.2397038736008219e+19,b126f68ca80c9fae73fbfc126d28247dfeca46a563041cac349cbc82666f95d5,7,1.0731673979858134,0.7907707801564282,0.9060926544571994,0.939727445583492,id,2
0.4592592592592592,0.5,0.20147675457366354,1.18,7,0,0,0,residual_quarter,0.25,semantic,90002,1,1.2397038736008219e+19,df727551c4110d47dcd5f830be65ed2584c94c1148ede7b2fa4bca14514952d6,6,1.0731673979858134,0.7907707801564282,0.9060926544571994,0.939727445583492,id,2
0.4592592592592592,0.5,0.11635711008264193,1.18,7,0,0,0,residual_idcal,0.5,throughput,90002,1,1.2397038736008219e+19,61f075b22f22e50aa73419e06949374966722d78411908d39c555ca3ff76cbb1,7,1.0731673979858134,0.7907707801564282,0.9060926544571994,0.939727445583492,id,2
0.4592592592592592,0.5,0.20147675457366354,1.18,7,0,0,0,residual_idcal,0.5,semantic,90002,1,1.2397038736008219e+19,40df23a41419cea098add0ddec57b6c74c59a6262f03012d670ec8c7529cbf9e,6,1.0731673979858134,0.7907707801564282,0.9060926544571994,0.939727445583492,id,2
0.4592592592592592,0.5,0.11635711008264193,1.18,7,0,0,0,residual_predictive,1.0,throughput,90002,1,1.2397038736008219e+19,fcaa7bd5aabec650c9eb464f4d763decd089491068ae882d99166d69262bd1b6,7,1.0731673979858134,0.7907707801564282,0.9060926544571994,0.939727445583492,id,2
0.4592592592592592,0.5,0.20147675457366354,1.18,7,0,0,0,residual_predictive,1.0,semantic,90002,1,1.2397038736008219e+19,b547b0d316ee3097d359be09c038ebede0d24d8ebe3a25f25837ec0749d69c04,6,1.0731673979858134,0.7907707801564282,0.9060926544571994,0.939727445583492,id,2
0.5529115151515153,0.5,0.8364201666297953,11.644,18,0,1,0,oracle,1.0,throughput,90003,0,6.195828600771332e+18,4fc7c1596e72fdd576b0cd52b2308e38bab27a4aa7c705f466e9206159286cf6,25,0.8992562079449657,1.1135942187707242,0.9875329523482341,0.9880594325161265,id,3
0.546899393939394,0.5,0.8346358490784833,11.644000000000002,18,0,1,0,oracle,1.0,semantic,90003,0,6.195828600771332e+18,dd2ca85819b76219b340b3b667ae8a9c9171fe68e6ec90f6ba55294ed6c4f4f8,24,0.8992562079449657,1.1135942187707242,0.9875329523482341,0.9880594325161265,id,3
0.546899393939394,0.5,0.8364166572961672,11.644000000000002,18,0,1,0,mechanistic_calibrated,0.0,throughput,90003,0,6.195828600771332e+18,bb6aa41396c63b76dd9b71eafe68a9c026734c7426a39440c89a191038554208,25,0.8992562079449657,1.1135942187707242,0.9875329523482341,0.9880594325161265,id,3
0.546899393939394,0.5,0.8346358490784833,11.644000000000002,18,0,1,0,mechanistic_calibrated,0.0,semantic,90003,0,6.195828600771332e+18,68e400104f00cbd0dfe2dbdb819d8da3f37f76a3b6eb62140526b0c2bedc9e3f,24,0.8992562079449657,1.1135942187707242,0.9875329523482341,0.9880594325161265,id,3
0.546899393939394,0.5,0.8364166572961672,11.644000000000002,18,0,1,0,residual_quarter,0.25,throughput,90003,0,6.195828600771332e+18,bcbeadd4dfbdf9a9b83c0e72086a017b5326b24e16a819eef268733e389a9ebc,25,0.8992562079449657,1.1135942187707242,0.9875329523482341,0.9880594325161265,id,3
0.546899393939394,0.5,0.8346358490784833,11.644000000000002,18,0,1,0,residual_quarter,0.25,semantic,90003,0,6.195828600771332e+18,f94381e5efaeea9237d8d60429735533915dc0681d5dabde6f832f85a2bda354,24,0.8992562079449657,1.1135942187707242,0.9875329523482341,0.9880594325161265,id,3
0.546899393939394,0.5,0.8364166572961672,11.644000000000002,18,0,1,0,residual_idcal,0.5,throughput,90003,0,6.195828600771332e+18,e7e24e5cc4ba1d84e79894486caf20ad78fb2a9e0ff7b5e98ff492d5a7dbeaca,25,0.8992562079449657,1.1135942187707242,0.9875329523482341,0.9880594325161265,id,3
0.546899393939394,0.5,0.8346358490784833,11.644000000000002,18,0,1,0,residual_idcal,0.5,semantic,90003,0,6.195828600771332e+18,d538ccb2f8d1459b6b94f3efe38d408344f61ed11ad42d9d02f0845f940d1697,24,0.8992562079449657,1.1135942187707242,0.9875329523482341,0.9880594325161265,id,3
0.546899393939394,0.5,0.8364166572961672,11.644000000000002,18,0,1,0,residual_predictive,1.0,throughput,90003,0,6.195828600771332e+18,2a5b9422844318a69d8df0d5e8168b4aca7233a91a7af0c446d8da1b95dafaa8,25,0.8992562079449657,1.1135942187707242,0.9875329523482341,0.9880594325161265,id,3
0.546899393939394,0.5,0.8346358490784833,11.644000000000002,18,0,1,0,residual_predictive,1.0,semantic,90003,0,6.195828600771332e+18,7aee70513ba41485ddfbc3caf6e008bc453cc95c7384cc0cf6dbd649f7bea016,24,0.8992562079449657,1.1135942187707242,0.9875329523482341,0.9880594325161265,id,3
0.8052751515151516,1.0,0.23315853267251838,6.231999999999999,11,0,2,0,oracle,1.0,throughput,90003,1,1.7279256454201256e+19,0a08bd146f4d5b5e9f4a133a2f8025376a65cb4934f13cc7b517e590eb7af4f4,5,0.8992562079449657,1.1135942187707242,0.9875329523482341,0.9880594325161265,id,3
0.9662448484848486,1.0,0.23305774076396787,6.412,11,0,2,0,oracle,1.0,semantic,90003,1,1.7279256454201256e+19,098946828b24b1be00ebec7d762bd37fbbfe40a68e5b4006d5afe7c1aabf879e,5,0.8992562079449657,1.1135942187707242,0.9875329523482341,0.9880594325161265,id,3
0.8052751515151516,1.0,0.23315853267251838,6.231999999999999,11,0,2,0,mechanistic_calibrated,0.0,throughput,90003,1,1.7279256454201256e+19,4a875d016ef4a4e8ac442352951a69f1df21ce9a50e0485618c7486aef66517e,5,0.8992562079449657,1.1135942187707242,0.9875329523482341,0.9880594325161265,id,3
0.9662448484848486,1.0,0.23305774076396787,6.412,11,0,2,0,mechanistic_calibrated,0.0,semantic,90003,1,1.7279256454201256e+19,b67fef501cbab8dd74f0ae308532db76571d7bbdd5873e7059f6e39e70c32623,5,0.8992562079449657,1.1135942187707242,0.9875329523482341,0.9880594325161265,id,3
0.8052751515151516,1.0,0.23315853267251838,6.231999999999999,11,0,2,0,residual_quarter,0.25,throughput,90003,1,1.7279256454201256e+19,5b7787355d783f9e6bc35e24106e844e6b0314f1d125fde9d4027a883c237659,5,0.8992562079449657,1.1135942187707242,0.9875329523482341,0.9880594325161265,id,3
0.9662448484848486,1.0,0.23305774076396787,6.412,11,0,2,0,residual_quarter,0.25,semantic,90003,1,1.7279256454201256e+19,ca9d6b34e9a50ae0ceefe9f5e7c6e970a2f37db9f7df455eb64bc8b31593deda,5,0.8992562079449657,1.1135942187707242,0.9875329523482341,0.9880594325161265,id,3
0.8052751515151516,1.0,0.23315853267251838,6.231999999999999,11,0,2,0,residual_idcal,0.5,throughput,90003,1,1.7279256454201256e+19,8d94aeb5ab744deb55a45aaad37cfbe197307a85f28572b25d9e3e584162c726,5,0.8992562079449657,1.1135942187707242,0.9875329523482341,0.9880594325161265,id,3
0.9662448484848486,1.0,0.23305774076396787,6.412,11,0,2,0,residual_idcal,0.5,semantic,90003,1,1.7279256454201256e+19,2d83e1b8a62be0815bb6c4088026c6920f1fd4991ad2073ca1afdba8edaeb003,5,0.8992562079449657,1.1135942187707242,0.9875329523482341,0.9880594325161265,id,3
0.8052751515151516,1.0,0.23315853267251838,6.231999999999999,11,0,2,0,residual_predictive,1.0,throughput,90003,1,1.7279256454201256e+19,e2892748d0f0273017a4adf07da39c7cdf8f67e79d05297be1ae9416cf2728d8,5,0.8992562079449657,1.1135942187707242,0.9875329523482341,0.9880594325161265,id,3
0.9662448484848486,1.0,0.23305774076396787,6.412,11,0,2,0,residual_predictive,1.0,semantic,90003,1,1.7279256454201256e+19,0e4478477388047d847b1420bc82127bfa768c180fa537e04f2a764d5a2d0c88,5,0.8992562079449657,1.1135942187707242,0.9875329523482341,0.9880594325161265,id,3
0.10752,0.0,0.39219973279681186,2.4,5,0,0,0,oracle,1.0,throughput,90004,0,2.9602521921287987e+18,bcf4acc763d09859999ee11bd6e40b23302ff42cc4b5e1e4b944f93c703c0790,3,0.8908201530914904,0.8409822792985817,0.9056296482396444,0.8424766356520219,id,4
0.10752,0.0,0.39123145870942766,2.4,5,0,0,0,oracle,1.0,semantic,90004,0,2.9602521921287987e+18,476b40bedcfa6b823d1542bbf334180b8c9b976a9f4e6a71d656619f780ea154,3,0.8908201530914904,0.8409822792985817,0.9056296482396444,0.8424766356520219,id,4
0.10752,0.0,0.39219973279681186,2.4,5,0,0,0,mechanistic_calibrated,0.0,throughput,90004,0,2.9602521921287987e+18,81540a95af933d745ec0b41c6b193e932c873d2a0396bf8b925aa3acdd75fd05,3,0.8908201530914904,0.8409822792985817,0.9056296482396444,0.8424766356520219,id,4
0.10752,0.0,0.39123145870942766,2.4,5,0,0,0,mechanistic_calibrated,0.0,semantic,90004,0,2.9602521921287987e+18,8f0fb076e648e8ecebf23e82cb42122a067e5dd2f32a1e9eaf3895f765993bbb,3,0.8908201530914904,0.8409822792985817,0.9056296482396444,0.8424766356520219,id,4
0.10752,0.0,0.39219973279681186,2.4,5,0,0,0,residual_quarter,0.25,throughput,90004,0,2.9602521921287987e+18,e17e5182955234f4f8f19d364aae19fae3ab4e73b63feb14972dce7363fed9c0,3,0.8908201530914904,0.8409822792985817,0.9056296482396444,0.8424766356520219,id,4
0.10752,0.0,0.39123145870942766,2.4,5,0,0,0,residual_quarter,0.25,semantic,90004,0,2.9602521921287987e+18,8abdbe600f8d7e4d426f6b932dd58fede1239cfe40451a3dc85ec2d5fe315e47,3,0.8908201530914904,0.8409822792985817,0.9056296482396444,0.8424766356520219,id,4
0.10752,0.0,0.39219973279681186,2.4,5,0,0,0,residual_idcal,0.5,throughput,90004,0,2.9602521921287987e+18,0ded16ec052bfe72aafcc4d60c234e0954f0b66d9160fa17ba7dcb3382cab55c,3,0.8908201530914904,0.8409822792985817,0.9056296482396444,0.8424766356520219,id,4
0.10752,0.0,0.39123145870942766,2.4,5,0,0,0,residual_idcal,0.5,semantic,90004,0,2.9602521921287987e+18,18a829081bebb04d59d571c8635ca120351f0bdb88f412b786934d6533ad778d,3,0.8908201530914904,0.8409822792985817,0.9056296482396444,0.8424766356520219,id,4
0.10752,0.0,0.39219973279681186,2.4,5,0,0,0,residual_predictive,1.0,throughput,90004,0,2.9602521921287987e+18,b8aa71a84f4c94d70546114eab019512b215fc65ea63a921e4ef3b7f61cb931c,3,0.8908201530914904,0.8409822792985817,0.9056296482396444,0.8424766356520219,id,4
0.10752,0.0,0.39123145870942766,2.4,5,0,0,0,residual_predictive,1.0,semantic,90004,0,2.9602521921287987e+18,242671e464eacc5392047c9c231774e6ed2868f6b68f898b2f9b1102ffe81876,3,0.8908201530914904,0.8409822792985817,0.9056296482396444,0.8424766356520219,id,4
0.8304924444444444,1.0,0.5241363464945882,13.864,20,0,2,0,oracle,1.0,throughput,90004,1,1.1431636383391087e+19,6b30571c833452c8942327921aaf6bca5cfae1683f0b672046d8d27c95a16521,15,0.8908201530914904,0.8409822792985817,0.9056296482396444,0.8424766356520219,id,4
0.8304924444444444,1.0,0.5189630147216832,13.864,20,0,2,0,oracle,1.0,semantic,90004,1,1.1431636383391087e+19,5d17b30173b92167e542ad7f75824e6a60013830b5810e5239204449c0ce0050,15,0.8908201530914904,0.8409822792985817,0.9056296482396444,0.8424766356520219,id,4
0.8116053333333333,1.0,0.5251635145648988,13.432,20,0,2,0,mechanistic_calibrated,0.0,throughput,90004,1,1.1431636383391087e+19,fe6862dc2b638f2e31717a2abd6bb9108940a3178ee6f64d4576113605344c35,15,0.8908201530914904,0.8409822792985817,0.9056296482396444,0.8424766356520219,id,4
0.8116053333333333,1.0,0.5199693682574629,13.432,20,0,2,0,mechanistic_calibrated,0.0,semantic,90004,1,1.1431636383391087e+19,83791d7cc9c4820344e0b6a06c7b7fe4301bcc4016ddb00fa304ff871abf0fec,15,0.8908201530914904,0.8409822792985817,0.9056296482396444,0.8424766356520219,id,4
0.8116053333333333,1.0,0.5251635145648988,13.432,20,0,2,0,residual_quarter,0.25,throughput,90004,1,1.1431636383391087e+19,f6297a4a6d40efbd782b256d8b18297d0f30daddb2b87f66e7b15190c2cf55e4,15,0.8908201530914904,0.8409822792985817,0.9056296482396444,0.8424766356520219,id,4
0.8116053333333333,1.0,0.5199693682574629,13.432,20,0,2,0,residual_quarter,0.25,semantic,90004,1,1.1431636383391087e+19,36283444e9e8294b6d31f60ed07d67ba8c6e6ef3a142c23ff9ce627dc06f49ab,15,0.8908201530914904,0.8409822792985817,0.9056296482396444,0.8424766356520219,id,4
0.8116053333333333,1.0,0.5251635145648988,13.432,20,0,2,0,residual_idcal,0.5,throughput,90004,1,1.1431636383391087e+19,3138ec9e3f3259a9e4a48b1ddbee6de626ce8b56a3cd09bc350e473b9780f95b,15,0.8908201530914904,0.8409822792985817,0.9056296482396444,0.8424766356520219,id,4
0.8116053333333333,1.0,0.5199693682574629,13.432,20,0,2,0,residual_idcal,0.5,semantic,90004,1,1.1431636383391087e+19,7e3cd935d011bb0fa57f5f46b04b7a6b58579ecc6709c7dd649b83a96fd8e9b2,15,0.8908201530914904,0.8409822792985817,0.9056296482396444,0.8424766356520219,id,4
0.8116053333333333,1.0,0.5251635145648988,13.432,20,0,2,0,residual_predictive,1.0,throughput,90004,1,1.1431636383391087e+19,62be6d78fc9c5434941b254f90be7f0fca4a56a38cf67bd0541911057d0fafb1,15,0.8908201530914904,0.8409822792985817,0.9056296482396444,0.8424766356520219,id,4
0.8116053333333333,1.0,0.5199693682574629,13.432,20,0,2,0,residual_predictive,1.0,semantic,90004,1,1.1431636383391087e+19,b0695cf41627a51fd47dee1feed685c8a3de3c8610618e36710589ec344071cc,15,0.8908201530914904,0.8409822792985817,0.9056296482396444,0.8424766356520219,id,4
0.8347767741935485,1.0,0.7422259696903981,9.379999999999999,15,0,0,0,oracle,1.0,throughput,90100,0,8.961621473647529e+18,ec60a0e6847333dee3785989ac4fdb3d451fd485770f42aedcc66d7f269e2580,15,1.5643625738696425,0.9018149973390798,1.1116213020387073,1.176254066916292,high_mobility,0
0.9204541935483871,1.0,0.7475229005765444,9.559999999999999,15,0,0,0,oracle,1.0,semantic,90100,0,8.961621473647529e+18,0921f5c9142c40c7fe73ae28a5af065064e12cc0e7b0bd1627a9d047ec1ea088,15,1.5643625738696425,0.9018149973390798,1.1116213020387073,1.176254066916292,high_mobility,0
0.11016258064516128,0.0,1.0476880723266007,4.8,12,0,0,0,mechanistic_calibrated,0.0,throughput,90100,0,8.961621473647529e+18,b6d6b57c9f7e2390f07153d8c34fde69cd6387f78289b49d54f72331e55e0858,18,1.5643625738696425,0.9018149973390798,1.1116213020387073,1.176254066916292,high_mobility,0
0.18459675675675674,0.0,1.0466157418944686,4.8,10,0,0,0,mechanistic_calibrated,0.0,semantic,90100,0,8.961621473647529e+18,73a10040420cd8355f61a2472215a45053b37593df85060f2b36e8ea85fd334f,19,1.5643625738696425,0.9018149973390798,1.1116213020387073,1.176254066916292,high_mobility,0
0.11016258064516128,0.0,1.0476880723266007,4.8,12,0,0,0,residual_quarter,0.25,throughput,90100,0,8.961621473647529e+18,65f17825c38333bdc3516832a8f2b69cbea2fe27d37634867d28da55b1b6cc7e,18,1.5643625738696425,0.9018149973390798,1.1116213020387073,1.176254066916292,high_mobility,0
0.18459675675675674,0.0,1.0466157418944686,4.8,10,0,0,0,residual_quarter,0.25,semantic,90100,0,8.961621473647529e+18,9bba7ce2c3a5f1f21551cba9c9ef523508a3a0f608a480b77580c04c0eab1b9f,19,1.5643625738696425,0.9018149973390798,1.1116213020387073,1.176254066916292,high_mobility,0
0.2571239024390244,0.0,0.7136078706386547,7.199999999999999,14,0,1,0,residual_idcal,0.5,throughput,90100,0,8.961621473647529e+18,327f47c9e5d5699dba420c604084817b9863e26a3f09c2e5ee0b7597e3d50983,18,1.5643625738696425,0.9018149973390798,1.1116213020387073,1.176254066916292,high_mobility,0
0.18459675675675674,0.0,1.0466157418944686,4.8,10,0,0,0,residual_idcal,0.5,semantic,90100,0,8.961621473647529e+18,d42dff1bf3b3a333346895e1c61d663d377afc13ab865bbb242e691507fd0f6f,19,1.5643625738696425,0.9018149973390798,1.1116213020387073,1.176254066916292,high_mobility,0
0.40530285714285713,0.5,0.2975980518560153,4.012,16,0,0,0,residual_predictive,1.0,throughput,90100,0,8.961621473647529e+18,915f1f18d1855c43849cee649b2c402eaa6d95b2eed70286fe8d52b5bce92387,37,1.5643625738696425,0.9018149973390798,1.1116213020387073,1.176254066916292,high_mobility,0
0.3381818181818182,0.5,0.031595539233503445,1.18,13,0,0,0,residual_predictive,1.0,semantic,90100,0,8.961621473647529e+18,7bf1b91a5b8f5d118fc7b046f4dcb68db9c774e014f5483f7666d0de68c5bd9f,33,1.5643625738696425,0.9018149973390798,1.1116213020387073,1.176254066916292,high_mobility,0
0.8838709677419354,1.0,0.13483141813059696,7.592,14,0,0,0,oracle,1.0,throughput,90100,1,4.4363277409261614e+18,cba11579bb891c20412ef06aea4bc213d77b851720a6a83d5673899b6c8da06f,10,1.5643625738696425,0.9018149973390798,1.1116213020387073,1.176254066916292,high_mobility,0
0.8838709677419354,1.0,0.13147899590999773,7.592,14,0,0,0,oracle,1.0,semantic,90100,1,4.4363277409261614e+18,f880a3e71ab41855e35483cb751023c99202b9d226f052b4c9c42b43565ea225,10,1.5643625738696425,0.9018149973390798,1.1116213020387073,1.176254066916292,high_mobility,0
0.8381935483870967,1.0,0.1348357529989475,7.412,14,0,0,0,mechanistic_calibrated,0.0,throughput,90100,1,4.4363277409261614e+18,6acb1bd69e89924f92ffb19976ca170f4c521ed72f006bde41314cb5b7060e28,10,1.5643625738696425,0.9018149973390798,1.1116213020387073,1.176254066916292,high_mobility,0
0.8838709677419354,1.0,0.13147899590999773,7.592,14,0,0,0,mechanistic_calibrated,0.0,semantic,90100,1,4.4363277409261614e+18,3872d5806e40080b2b78dca378f714cfcd8bccbf043a5ac887c323f7315479ee,10,1.5643625738696425,0.9018149973390798,1.1116213020387073,1.176254066916292,high_mobility,0
0.8381935483870967,1.0,0.1348357529989475,7.412,14,0,0,0,residual_quarter,0.25,throughput,90100,1,4.4363277409261614e+18,9e8c2c61b47cdf1340a9002a4370c9bb3887a49d478a6a2e4e09b98b00793917,10,1.5643625738696425,0.9018149973390798,1.1116213020387073,1.176254066916292,high_mobility,0
0.8838709677419354,1.0,0.13147899590999773,7.592,14,0,0,0,residual_quarter,0.25,semantic,90100,1,4.4363277409261614e+18,732e3fd43e0061be377c93f6c33fe0e59e33a49bc126e017ad156553fb81a742,10,1.5643625738696425,0.9018149973390798,1.1116213020387073,1.176254066916292,high_mobility,0
0.8838709677419354,1.0,0.13483141813059696,7.592,14,0,0,0,residual_idcal,0.5,throughput,90100,1,4.4363277409261614e+18,c11a602a40412246188f6592f5380968e648e6ffefa34124fedef0faa3c3f601,10,1.5643625738696425,0.9018149973390798,1.1116213020387073,1.176254066916292,high_mobility,0
0.8838709677419354,1.0,0.13147899590999773,7.592,14,0,0,0,residual_idcal,0.5,semantic,90100,1,4.4363277409261614e+18,d07fd9e1d0a56644bf19d15c0d65023b9bb53dc2c6244c00b75d573feba3e194,10,1.5643625738696425,0.9018149973390798,1.1116213020387073,1.176254066916292,high_mobility,0
0.8838709677419354,1.0,0.13483141813059696,7.592,14,0,0,0,residual_predictive,1.0,throughput,90100,1,4.4363277409261614e+18,9074241748df2ffe777329b880b863880145b6feb47857c2e8d84c91e7593b4c,10,1.5643625738696425,0.9018149973390798,1.1116213020387073,1.176254066916292,high_mobility,0
0.8838709677419354,1.0,0.13147899590999773,7.592,14,0,0,0,residual_predictive,1.0,semantic,90100,1,4.4363277409261614e+18,4a57156db949b628c7b63bc4272d19985fb8a0917117527af01e48a80bff04c8,10,1.5643625738696425,0.9018149973390798,1.1116213020387073,1.176254066916292,high_mobility,0
0.8615724137931035,1.0,0.837448258660678,7.231999999999999,15,0,3,0,oracle,1.0,throughput,90101,0,1.274326245955033e+19,888ea56f3ad8249af3d5235f7fc6fe3537ca0bbeb615e7868e605716e60f43b6,16,1.8883079999721826,1.0585628491114316,0.9092480131114422,0.994033166280179,high_mobility,1
0.8615724137931035,1.0,0.8259517776907078,7.231999999999999,15,0,3,0,oracle,1.0,semantic,90101,0,1.274326245955033e+19,9c42daff3d0245e693432477e0815b50941cdb2e662d2b642561ea4d01f3431e,16,1.8883079999721826,1.0585628491114316,0.9092480131114422,0.994033166280179,high_mobility,1
0.3719225806451612,0.5,0.7260294649699556,3.832,15,0,3,0,mechanistic_calibrated,0.0,throughput,90101,0,1.274326245955033e+19,f6cf2263b7962c7265b2672d350220b2852d31e70ee0ed153c6bac77001f2859,17,1.8883079999721826,1.0585628491114316,0.9092480131114422,0.994033166280179,high_mobility,1
0.3719225806451612,0.5,0.722175740946866,3.832,15,0,3,0,mechanistic_calibrated,0.0,semantic,90101,0,1.274326245955033e+19,b7c912cd72d6f8adb358a2a6741acb2442f2913bbb781dde5fc3724f9714a1e2,17,1.8883079999721826,1.0585628491114316,0.9092480131114422,0.994033166280179,high_mobility,1
0.3719225806451612,0.5,0.7260294649699556,3.832,15,0,3,0,residual_quarter,0.25,throughput,90101,0,1.274326245955033e+19,98f45b8ead172793ae019c82eecceefe6e8ddc584d2a62e0d5b3efe12e134c8d,17,1.8883079999721826,1.0585628491114316,0.9092480131114422,0.994033166280179,high_mobility,1
0.3719225806451612,0.5,0.722175740946866,3.832,15,0,3,0,residual_quarter,0.25,semantic,90101,0,1.274326245955033e+19,6122f808f349571bcf85fd392b8a63098d9fa2c7cc3f03e90b94c4583683a7f8,17,1.8883079999721826,1.0585628491114316,0.9092480131114422,0.994033166280179,high_mobility,1
0.3719225806451612,0.5,0.7260294649699556,3.832,15,0,3,0,residual_idcal,0.5,throughput,90101,0,1.274326245955033e+19,23285b1b26942d9feae8229ca02b4c17d5d336553ab5f52a85cecb7f323fef50,17,1.8883079999721826,1.0585628491114316,0.9092480131114422,0.994033166280179,high_mobility,1
0.3719225806451612,0.5,0.722175740946866,3.832,15,0,3,0,residual_idcal,0.5,semantic,90101,0,1.274326245955033e+19,2ff9fbe3256186e34537f7c730d7b18d4faac67e96de2c52032b674cfa59cf3b,17,1.8883079999721826,1.0585628491114316,0.9092480131114422,0.994033166280179,high_mobility,1
0.3975724137931034,0.5,0.7260294649699556,3.832,17,2,3,2,residual_predictive,1.0,throughput,90101,0,1.274326245955033e+19,881b113e34946655fa196234e878a0412e1b0327e98bab5e6ba881f6094d00cc,16,1.8883079999721826,1.0585628491114316,0.9092480131114422,0.994033166280179,high_mobility,1
0.3975724137931034,0.5,0.722175740946866,3.832,17,2,3,2,residual_predictive,1.0,semantic,90101,0,1.274326245955033e+19,637e3620681c70e438e749afa91da6f801f223c345fb4b91fd8443b0ae2aef5e,16,1.8883079999721826,1.0585628491114316,0.9092480131114422,0.994033166280179,high_mobility,1
0.7927272727272728,1.0,0.7980150067824378,7.592,18,0,2,0,oracle,1.0,throughput,90101,1,1.6343355816991115e+19,91e577a4fb31c8a3c6059df1ecdb8fa2cfcf303b5352afb7f0d2bd2582961c09,33,1.8883079999721826,1.0585628491114316,0.9092480131114422,0.994033166280179,high_mobility,1
0.7927272727272728,1.0,0.7913854339918851,7.592,18,0,2,0,oracle,1.0,semantic,90101,1,1.6343355816991115e+19,a86d76ffb5d7fb7758eacafacfa1c6398b93f01536b04e790619031d250a4506,33,1.8883079999721826,1.0585628491114316,0.9092480131114422,0.994033166280179,high_mobility,1
0.9311135135135137,1.0,1.0567673887969218,9.064,14,0,2,0,mechanistic_calibrated,0.0,throughput,90101,1,1.6343355816991115e+19,18f0cc771fdf456019d314d42793e24bfc43b1f8b71d54262ccd23d05a44c5b4,28,1.8883079999721826,1.0585628491114316,0.9092480131114422,0.994033166280179,high_mobility,1
0.8402731707317075,1.0,1.0522800144182052,9.064,16,0,2,0,mechanistic_calibrated,0.0,semantic,90101,1,1.6343355816991115e+19,abf6bd979cd21033da351d44b6d315337567b590c7cb4df04a0a70425a420129,28,1.8883079999721826,1.0585628491114316,0.9092480131114422,0.994033166280179,high_mobility,1
0.9111351351351351,1.0,1.3018201694651168,8.812,17,1,2,1,residual_quarter,0.25,throughput,90101,1,1.6343355816991115e+19,bc426646132de6a9465aaba2ed6f43816e8f1f56a6aaef1665eca7a39eda3381,33,1.8883079999721826,1.0585628491114316,0.9092480131114422,0.994033166280179,high_mobility,1
0.9111351351351351,1.0,1.2966799742759387,8.812,17,1,2,1,residual_quarter,0.25,semantic,90101,1,1.6343355816991115e+19,d15cab6943e0ea253f9b0cb277a6a8e269737a6e5e1206bda2ebfd7bfb9729c0,33,1.8883079999721826,1.0585628491114316,0.9092480131114422,0.994033166280179,high_mobility,1
0.7927272727272728,1.0,0.7980150067824378,7.592,18,0,2,0,residual_idcal,0.5,throughput,90101,1,1.6343355816991115e+19,5f23c90a1403d1dfca606ad0393accb1fd0148ca6e87847b981156e445939e84,33,1.8883079999721826,1.0585628491114316,0.9092480131114422,0.994033166280179,high_mobility,1
0.7927272727272728,1.0,0.7913854339918851,7.592,18,0,2,0,residual_idcal,0.5,semantic,90101,1,1.6343355816991115e+19,9bd3ef2740de817dbcb3fd4f032b409989bb8d7739f48d1520bfcc958e0c822c,33,1.8883079999721826,1.0585628491114316,0.9092480131114422,0.994033166280179,high_mobility,1
0.1427692307692308,0.0,1.4902015941852391,8.2,31,1,3,3,residual_predictive,1.0,throughput,90101,1,1.6343355816991115e+19,d7ff7778e02c2a5f1401f08b3b9c9e64c362a841df371574e9403856739e6036,55,1.8883079999721826,1.0585628491114316,0.9092480131114422,0.994033166280179,high_mobility,1
0.1427692307692308,0.0,1.478717118386856,8.2,32,1,3,3,residual_predictive,1.0,semantic,90101,1,1.6343355816991115e+19,129d22ce654db5f203de4095935eb121abd9c32e8c6036b4b6a25ba8eaae47c1,56,1.8883079999721826,1.0585628491114316,0.9092480131114422,0.994033166280179,high_mobility,1
0.7312639999999999,0.0,1.0458025219303468,10.896,15,0,1,0,oracle,1.0,throughput,90102,0,5.339127077850223e+18,912f2c43d326158f1678c7933a3e5abb2ede17026a1df5ab37c2e686d88ba17c,36,1.9220649001843204,0.8064373769573844,1.0557685760349749,0.8922743952671066,high_mobility,2
0.7312639999999999,0.0,1.0444696952225803,10.896,15,0,1,0,oracle,1.0,semantic,90102,0,5.339127077850223e+18,bcb06f1901468bdd0cdc4ef2035024b333c701972cd5270431a06ded50d9b78e,36,1.9220649001843204,0.8064373769573844,1.0557685760349749,0.8922743952671066,high_mobility,2
0.5328639999999999,0.0,0.6045814154227039,8.064,14,0,1,0,mechanistic_calibrated,0.0,throughput,90102,0,5.339127077850223e+18,1d246ea6453f54b229ac6bd27a70e630ddeb34949ea533ba95c47c99e5def4fb,31,1.9220649001843204,0.8064373769573844,1.0557685760349749,0.8922743952671066,high_mobility,2
0.5328639999999999,0.0,0.6043968932139073,8.064,14,0,1,0,mechanistic_calibrated,0.0,semantic,90102,0,5.339127077850223e+18,5ee99492aff0fdacb7b553671a819a1690a29a251b26a30a953aa12f06b198d8,31,1.9220649001843204,0.8064373769573844,1.0557685760349749,0.8922743952671066,high_mobility,2
0.552704,0.0,1.427026970991897,8.064,14,0,1,0,residual_quarter,0.25,throughput,90102,0,5.339127077850223e+18,e1f84b792212ff37f1c7bb9411bd3fe588ca82334dcf448bc21581f86a3ae93c,31,1.9220649001843204,0.8064373769573844,1.0557685760349749,0.8922743952671066,high_mobility,2
0.552704,0.0,1.4266370427293629,8.064,14,0,1,0,residual_quarter,0.25,semantic,90102,0,5.339127077850223e+18,ae4c9c122d96a8a7df829da5ca11c2fbcaf658230f233fd964c70c02c2c2f2f7,31,1.9220649001843204,0.8064373769573844,1.0557685760349749,0.8922743952671066,high_mobility,2
0.552704,0.0,1.427026970991897,8.064,14,0,1,0,residual_idcal,0.5,throughput,90102,0,5.339127077850223e+18,1451e114fe821340e55843eb431acd509487333f2ed0d3be09ce6dc21ebee2c5,31,1.9220649001843204,0.8064373769573844,1.0557685760349749,0.8922743952671066,high_mobility,2
0.552704,0.0,1.4266370427293629,8.064,14,0,1,0,residual_idcal,0.5,semantic,90102,0,5.339127077850223e+18,331ce326811ea02a0551ffb17151451a8a6c42ea916270ca6a1842e9ae3084e7,31,1.9220649001843204,0.8064373769573844,1.0557685760349749,0.8922743952671066,high_mobility,2
0.7511039999999999,0.0,1.093869453685639,10.896,15,0,1,0,residual_predictive,1.0,throughput,90102,0,5.339127077850223e+18,e33bbe81c62de9598b9bf56c3826b043fc3334d35c14342f5016e9397ad9fb9f,32,1.9220649001843204,0.8064373769573844,1.0557685760349749,0.8922743952671066,high_mobility,2
0.7511039999999999,0.0,1.0932796475573237,10.896,15,0,1,0,residual_predictive,1.0,semantic,90102,0,5.339127077850223e+18,109a6dbc0d412f11bbfbd60099ea6a8eb40257e9bddb45e5d827aebbd083144b,32,1.9220649001843204,0.8064373769573844,1.0557685760349749,0.8922743952671066,high_mobility,2
0.9101625806451615,1.0,0.3718015328452086,7.16,15,0,1,0,oracle,1.0,throughput,90102,1,3.959143598242318e+18,dc6ba8ff422c135153921ada5780d0adcf72136e2b6e738135bd533d159802c1,10,1.9220649001843204,0.8064373769573844,1.0557685760349749,0.8922743952671066,high_mobility,2
0.9101625806451615,1.0,0.3641776783841513,7.16,15,0,1,0,oracle,1.0,semantic,90102,1,3.959143598242318e+18,a5eeccd60752e73db2996524952ddeb3c65275e3d5b672c2ae0854f49cc05e48,10,1.9220649001843204,0.8064373769573844,1.0557685760349749,0.8922743952671066,high_mobility,2
0.9101625806451615,1.0,0.3408139489615154,7.16,15,0,1,0,mechanistic_calibrated,0.0,throughput,90102,1,3.959143598242318e+18,ef56a7e7ea83ccf2b0d44af5eb1117031304b4b9182838e6c91e96c825102f70,10,1.9220649001843204,0.8064373769573844,1.0557685760349749,0.8922743952671066,high_mobility,2
0.9101625806451615,1.0,0.33317357330305764,7.16,15,0,1,0,mechanistic_calibrated,0.0,semantic,90102,1,3.959143598242318e+18,de702b835acacd2fcb4db43e54e73366000010b7444ea24ca1fb3794fa664d37,10,1.9220649001843204,0.8064373769573844,1.0557685760349749,0.8922743952671066,high_mobility,2
0.9101625806451615,1.0,0.3718015328452086,7.16,15,0,1,0,residual_quarter,0.25,throughput,90102,1,3.959143598242318e+18,d54f318c9406bd2579200078e46d8e2e54250d1b4a780b3845b2d6581a45293d,10,1.9220649001843204,0.8064373769573844,1.0557685760349749,0.8922743952671066,high_mobility,2
0.9101625806451615,1.0,0.3641776783841513,7.16,15,0,1,0,residual_quarter,0.25,semantic,90102,1,3.959143598242318e+18,fb68f6c47287121bfd3a9223e65febb2593915ccead46062b35903510788e6ff,10,1.9220649001843204,0.8064373769573844,1.0557685760349749,0.8922743952671066,high_mobility,2
0.9101625806451615,1.0,0.3718015328452086,7.16,15,0,1,0,residual_idcal,0.5,throughput,90102,1,3.959143598242318e+18,0ee706a84463f6c2b223503669c0250fe9d3b9151e5d2c970853b38d2319f0d1,10,1.9220649001843204,0.8064373769573844,1.0557685760349749,0.8922743952671066,high_mobility,2
0.9101625806451615,1.0,0.3641776783841513,7.16,15,0,1,0,residual_idcal,0.5,semantic,90102,1,3.959143598242318e+18,a6a73785f92226cd88b75a8ac41bbc28c8b636b6c02e3448c4ed5095efe63466,10,1.9220649001843204,0.8064373769573844,1.0557685760349749,0.8922743952671066,high_mobility,2
0.7812754285714287,1.0,0.20753828282542314,7.411999999999999,20,0,2,0,residual_predictive,1.0,throughput,90102,1,3.959143598242318e+18,4a927513b11b21d3c49f55f83d95cba142192bcf4ed1649e36667bbc6992685d,13,1.9220649001843204,0.8064373769573844,1.0557685760349749,0.8922743952671066,high_mobility,2
0.7812754285714287,1.0,0.20606169253878276,7.411999999999999,20,0,2,0,residual_predictive,1.0,semantic,90102,1,3.959143598242318e+18,9e5322905a9cd9d374b9215201a0b350331d34c4b421c72f1d767dd5d4c02158,13,1.9220649001843204,0.8064373769573844,1.0557685760349749,0.8922743952671066,high_mobility,2
0.7798709677419353,1.0,0.17359589101736592,4.76,15,0,2,0,oracle,1.0,throughput,90103,0,1.575930854409558e+18,85b22510409fef20a8a96322e70bc4f2efd5e0074835c154a2a41da70b21150f,13,1.755489516213393,0.8464591641961737,1.0737786460121144,1.108550336449325,high_mobility,3
0.7798709677419353,1.0,0.1634800110544744,4.76,15,0,2,0,oracle,1.0,semantic,90103,0,1.575930854409558e+18,269f7518f3e2abe5c52dcf11fcc99816bc4ca432827bc4468ca604eedf20a3be,13,1.755489516213393,0.8464591641961737,1.0737786460121144,1.108550336449325,high_mobility,3
0.7798709677419353,1.0,0.17359589101736592,4.76,15,0,2,0,mechanistic_calibrated,0.0,throughput,90103,0,1.575930854409558e+18,5eecccedef1779c5d06bce1cab8abf8e7f1900b02e8afec84c7a190ab821f3fa,13,1.755489516213393,0.8464591641961737,1.0737786460121144,1.108550336449325,high_mobility,3
0.7798709677419353,1.0,0.1634800110544744,4.76,15,0,2,0,mechanistic_calibrated,0.0,semantic,90103,0,1.575930854409558e+18,9c5eded3785377026599ccf0374110c11a5c090ef14e6d124b3570e93d1977c0,13,1.755489516213393,0.8464591641961737,1.0737786460121144,1.108550336449325,high_mobility,3
0.7798709677419353,1.0,0.17359589101736592,4.76,15,0,2,0,residual_quarter,0.25,throughput,90103,0,1.575930854409558e+18,24bd4a2349ad344175e8a0bdb1924e16198486ba20b7cf49529eaf9fb0cfee3b,13,1.755489516213393,0.8464591641961737,1.0737786460121144,1.108550336449325,high_mobility,3
0.7798709677419353,1.0,0.1634800110544744,4.76,15,0,2,0,residual_quarter,0.25,semantic,90103,0,1.575930854409558e+18,3a5db5594496698e0ce6f4678a8b0fe19c055e6cc4b567f0ca5dae4c9ff574e3,13,1.755489516213393,0.8464591641961737,1.0737786460121144,1.108550336449325,high_mobility,3
0.7798709677419353,1.0,0.17359589101736592,4.76,15,0,2,0,residual_idcal,0.5,throughput,90103,0,1.575930854409558e+18,7d12618fe4df91a28a1ebf1c3d9fadf12e382b45fefb94a320e25bdc970a7b75,13,1.755489516213393,0.8464591641961737,1.0737786460121144,1.108550336449325,high_mobility,3
0.7798709677419353,1.0,0.1634800110544744,4.76,15,0,2,0,residual_idcal,0.5,semantic,90103,0,1.575930854409558e+18,95570c459efc13129004c6fa44f08dcd93bfb801f00758f1cfdfeac6207021f4,13,1.755489516213393,0.8464591641961737,1.0737786460121144,1.108550336449325,high_mobility,3
0.7798709677419353,1.0,0.17359589101736592,4.76,15,0,2,0,residual_predictive,1.0,throughput,90103,0,1.575930854409558e+18,3d8b635c267da579030b3e1e30265bf733c94fb37700b2b617f2811499da8b30,13,1.755489516213393,0.8464591641961737,1.0737786460121144,1.108550336449325,high_mobility,3
0.7798709677419353,1.0,0.1634800110544744,4.76,15,0,2,0,residual_predictive,1.0,semantic,90103,0,1.575930854409558e+18,c681e1acfbc6bcd8873870f36414d1e6ad08ca6fa585196b05c433b78beb7cb9,13,1.755489516213393,0.8464591641961737,1.0737786460121144,1.108550336449325,high_mobility,3
0.31100540540540544,0.0,0.46335762233246586,8.495999999999999,12,0,1,0,oracle,1.0,throughput,90103,1,1.3852468559980737e+19,e86c4354ea638251a8d8833edfbaee6af11ded70586db8088ca581d281abbb14,8,1.755489516213393,0.8464591641961737,1.0737786460121144,1.108550336449325,high_mobility,3
0.31100540540540544,0.0,0.4630451740518646,8.495999999999999,12,0,1,0,oracle,1.0,semantic,90103,1,1.3852468559980737e+19,cc5ecb84fe0df0e28e391af73d9581ee2ae5f5f73a6cc874c54ed0f68e9fffa8,8,1.755489516213393,0.8464591641961737,1.0737786460121144,1.108550336449325,high_mobility,3
0.7632879120879119,1.0,0.35907128481187595,5.832,18,0,0,0,mechanistic_calibrated,0.0,throughput,90103,1,1.3852468559980737e+19,fb7a70cf8bf3bab2450546329bc6b236a6c2db505500b24407866b6a5f6deddc,24,1.755489516213393,0.8464591641961737,1.0737786460121144,1.108550336449325,high_mobility,3
0.7632879120879119,1.0,0.34994081483606376,5.832,18,0,0,0,mechanistic_calibrated,0.0,semantic,90103,1,1.3852468559980737e+19,02cd65fd26113b804daa2e7f9be755b08b8c3838d058f7351f4cfa9191f99264,24,1.755489516213393,0.8464591641961737,1.0737786460121144,1.108550336449325,high_mobility,3
0.7632879120879119,1.0,0.4164186276629737,5.832,18,0,0,0,residual_quarter,0.25,throughput,90103,1,1.3852468559980737e+19,11a90101e25270375e67c763807c279ff8fd68824680f7f27ad63fd94436acee,22,1.755489516213393,0.8464591641961737,1.0737786460121144,1.108550336449325,high_mobility,3
0.7632879120879119,1.0,0.4075045517489332,5.832,18,0,0,0,residual_quarter,0.25,semantic,90103,1,1.3852468559980737e+19,cbf2383bac806648e2178f18da50b41a35899568fcfebaa73fa185431f4d5698,23,1.755489516213393,0.8464591641961737,1.0737786460121144,1.108550336449325,high_mobility,3
0.0541090909090909,0.0,0.08284921538015833,2.832,13,0,0,0,residual_idcal,0.5,throughput,90103,1,1.3852468559980737e+19,b444a839c847dd54286ac3b6ac27f6acfb287d8e53e3f345e826a353d262fe3e,22,1.755489516213393,0.8464591641961737,1.0737786460121144,1.108550336449325,high_mobility,3
0.40562424242424233,0.5,0.48550676298765416,3.832,14,0,0,0,residual_idcal,0.5,semantic,90103,1,1.3852468559980737e+19,1f77b04830b1ea94a9dade33c8db78474109b20812441374e08acc40edc0699d,23,1.755489516213393,0.8464591641961737,1.0737786460121144,1.108550336449325,high_mobility,3
0.7497365853658537,1.0,0.5354139169698681,6.664,14,0,1,0,residual_predictive,1.0,throughput,90103,1,1.3852468559980737e+19,2ad691f0f5cf0542631e16aa3c029dbf1d0f9d397325066c2cf350b353c04eb4,8,1.755489516213393,0.8464591641961737,1.0737786460121144,1.108550336449325,high_mobility,3
0.7497365853658537,1.0,0.5334286773463252,6.664,14,0,1,0,residual_predictive,1.0,semantic,90103,1,1.3852468559980737e+19,879029867918e83a1e146a9c305026db000edf18b21f01a6931d5a7b6f42b763,8,1.755489516213393,0.8464591641961737,1.0737786460121144,1.108550336449325,high_mobility,3
0.5233082706766916,0.6,0.33420813725534537,5.4,18,0,0,0,oracle,1.0,throughput,90104,0,6.382718301129754e+18,a15b9dba437788565e0aad3a27f3c694ed8238386b37fe4502df1f700d9915cb,15,1.9172107051419653,0.8451266787765346,0.9258330371955961,1.0559967602086995,high_mobility,4
0.5632481203007519,0.6,0.585276535148606,5.58,18,0,0,0,oracle,1.0,semantic,90104,0,6.382718301129754e+18,4944e736a08710c61594cc39c623ca3ca9319abb662f0f6848aad87487842f29,16,1.9172107051419653,0.8451266787765346,0.9258330371955961,1.0559967602086995,high_mobility,4
0.6357142857142857,0.75,0.6009959849392845,5.58,18,0,0,0,mechanistic_calibrated,0.0,throughput,90104,0,6.382718301129754e+18,a96fca7ecf81f4e94610645d4eeaa5e6bb8ef7c47539f8d57d77fe5dddc127b9,16,1.9172107051419653,0.8451266787765346,0.9258330371955961,1.0559967602086995,high_mobility,4
0.6726773333333332,0.75,0.8844174578461205,10.991999999999999,24,0,0,0,mechanistic_calibrated,0.0,semantic,90104,0,6.382718301129754e+18,d031482bba26ded5c8a13ca85c356de89ee11de7c80538ef8999753982d4b201,18,1.9172107051419653,0.8451266787765346,0.9258330371955961,1.0559967602086995,high_mobility,4
0.6714593103448274,0.75,0.7272919440578414,10.812,22,0,0,0,residual_quarter,0.25,throughput,90104,0,6.382718301129754e+18,46359f7e3bd6408ccf9d2ecaf73a478ba10cac156431a205826405ca540f6fc0,17,1.9172107051419653,0.8451266787765346,0.9258330371955961,1.0559967602086995,high_mobility,4
0.5724913475177305,0.6,0.8844174578461205,10.991999999999999,24,0,0,0,residual_quarter,0.25,semantic,90104,0,6.382718301129754e+18,39fef1aa6574f856554415a691bd9775819037048b33649bf262fbcb1c41d3a0,18,1.9172107051419653,0.8451266787765346,0.9258330371955961,1.0559967602086995,high_mobility,4
0.25897,0.25,0.31493524479202595,8.2,25,0,0,0,residual_idcal,0.5,throughput,90104,0,6.382718301129754e+18,863f53b82959a0c76c88abbf955babf000e070ae146b8113107c6cc7f4439f2d,28,1.9172107051419653,0.8451266787765346,0.9258330371955961,1.0559967602086995,high_mobility,4
0.25897,0.25,0.29773038121703843,8.2,26,0,0,0,residual_idcal,0.5,semantic,90104,0,6.382718301129754e+18,7d45c63bbca606a1d1e8d6be72a87d6ca07c9cf4d885351fd329d3029b96d230,30,1.9172107051419653,0.8451266787765346,0.9258330371955961,1.0559967602086995,high_mobility,4
0.6103132530120482,0.6666666666666666,0.9983950559699781,6.9399999999999995,25,0,0,0,residual_predictive,1.0,throughput,90104,0,6.382718301129754e+18,ac5c2d20e885ad792fe1bc4db53282b9ee52847fa766cb17ea23c66e2b9d83e8,19,1.9172107051419653,0.8451266787765346,0.9258330371955961,1.0559967602086995,high_mobility,4
0.45948235294117645,0.5,0.9247918643725723,5.9399999999999995,26,0,0,0,residual_predictive,1.0,semantic,90104,0,6.382718301129754e+18,5b7f894042753b38a1a10729c8b889df7c1f91e3eeaac31d8abc548234a5b97b,25,1.9172107051419653,0.8451266787765346,0.9258330371955961,1.0559967602086995,high_mobility,4
0.6103208791208791,0.6666666666666666,0.5842638476725732,10.244,22,0,3,0,oracle,1.0,throughput,90104,1,2.405336465125867e+18,464792613db1e2cad9e00901a112a1ab66db871179022d3de58f3f609c24a1c4,15,1.9172107051419653,0.8451266787765346,0.9258330371955961,1.0559967602086995,high_mobility,4
0.6893714285714284,1.0,0.48696375505972683,5.012,19,0,2,0,oracle,1.0,semantic,90104,1,2.405336465125867e+18,9f6158e127377ed8cdbae1a1eddf95de27be7f96ee05b60e945ec8bec563e59e,28,1.9172107051419653,0.8451266787765346,0.9258330371955961,1.0559967602086995,high_mobility,4
0.7963234042553191,0.8,0.4267733914274371,15.867999999999999,28,0,2,0,mechanistic_calibrated,0.0,throughput,90104,1,2.405336465125867e+18,a87286224126223b7e750bcde19aa4c9e15f89f714e9a3d0728addc609535691,13,1.9172107051419653,0.8451266787765346,0.9258330371955961,1.0559967602086995,high_mobility,4
0.929265934065934,1.0,0.4404699788521923,14.687999999999999,24,0,3,0,mechanistic_calibrated,0.0,semantic,90104,1,2.405336465125867e+18,512795f65c384346d66cfa0892cd8d01758699f1015e5b6edf718a562af1f11b,13,1.9172107051419653,0.8451266787765346,0.9258330371955961,1.0559967602086995,high_mobility,4
0.7728113475177305,0.8,0.42680527630449316,15.867999999999999,28,0,2,0,residual_quarter,0.25,throughput,90104,1,2.405336465125867e+18,0cf88410b91e6b9b55578bcc0386da2b0458243318edca0f04b8b6fb9c1d2d0e,13,1.9172107051419653,0.8451266787765346,0.9258330371955961,1.0559967602086995,high_mobility,4
0.929265934065934,1.0,0.4404699788521923,14.687999999999999,24,0,3,0,residual_quarter,0.25,semantic,90104,1,2.405336465125867e+18,3dd242754b43777f06540e167d7f9a0d728db35a8e85b7a4fe0318a2ed87ab85,13,1.9172107051419653,0.8451266787765346,0.9258330371955961,1.0559967602086995,high_mobility,4
0.6495648351648351,0.6666666666666666,0.47953984714702563,13.076,23,0,3,0,residual_idcal,0.5,throughput,90104,1,2.405336465125867e+18,790bad025c96e56edc4ac8ab06eadde688704ade6a61665b809e6b548e3d59ef,15,1.9172107051419653,0.8451266787765346,0.9258330371955961,1.0559967602086995,high_mobility,4
0.6495648351648351,0.6666666666666666,0.5216597052935785,13.076,23,0,3,0,residual_idcal,0.5,semantic,90104,1,2.405336465125867e+18,27a764f561159b1b0a5936179d53d89ed19fb25cbdd06e92dd854290029cc9a6,15,1.9172107051419653,0.8451266787765346,0.9258330371955961,1.0559967602086995,high_mobility,4
0.6059604395604395,0.6666666666666666,0.6187593282196243,10.244,22,0,3,0,residual_predictive,1.0,throughput,90104,1,2.405336465125867e+18,61ef8ff780999a0c099033f576fad20214b92e08241d2c80678fcf35cecc34c5,20,1.9172107051419653,0.8451266787765346,0.9258330371955961,1.0559967602086995,high_mobility,4
0.6059604395604395,0.6666666666666666,0.6163958207807845,10.244,22,0,3,0,residual_predictive,1.0,semantic,90104,1,2.405336465125867e+18,25526fa89c1a2b5ac8040b5213ccf2365775156b4818ce090f41998fab5496c2,20,1.9172107051419653,0.8451266787765346,0.9258330371955961,1.0559967602086995,high_mobility,4
0.3213150684931506,1.0,0.9491620188538497,3.832,25,0,1,0,oracle,1.0,throughput,90200,0,1.250064637961194e+19,5857a285ce680074d7e1100e6f3ef7559f48a724dea07f5e7c1d05267a5d1875,46,1.1341120333110741,1.803302460603137,0.7868752375546201,1.3943770642172244,high_stress,0
0.249531914893617,0.5,0.9438286752611973,3.832,26,0,1,0,oracle,1.0,semantic,90200,0,1.250064637961194e+19,bd8614ddfb16d09cfb8ab5476be96797d4aeb1ea4ecccf78364f9a52f0314aac,46,1.1341120333110741,1.803302460603137,0.7868752375546201,1.3943770642172244,high_stress,0
0.28243478260869564,1.0,0.4026706999122439,1.0,23,0,1,0,mechanistic_calibrated,0.0,throughput,90200,0,1.250064637961194e+19,841afe7ebe4fd392e2a8a2a34940ff3593bc447875497481964eee45630e97fa,48,1.1341120333110741,1.803302460603137,0.7868752375546201,1.3943770642172244,high_stress,0
0.28243478260869564,1.0,0.39543590286598085,1.0,23,0,1,0,mechanistic_calibrated,0.0,semantic,90200,0,1.250064637961194e+19,f7808bc52b5b349d7c042a9f261c38644ee59443cc107dc60f3a4787a169ca6f,48,1.1341120333110741,1.803302460603137,0.7868752375546201,1.3943770642172244,high_stress,0
0.2998153846153846,1.0,0.4026706999122439,1.0,22,0,1,0,residual_quarter,0.25,throughput,90200,0,1.250064637961194e+19,3f75eed0c09a23267491468dfa353baef1af376b3224132b4ec99666d8b67b2c,49,1.1341120333110741,1.803302460603137,0.7868752375546201,1.3943770642172244,high_stress,0
0.2998153846153846,1.0,0.39543590286598085,1.0,22,0,1,0,residual_quarter,0.25,semantic,90200,0,1.250064637961194e+19,0d211f2383757747c0419b272c9706ca410b0a6ea754d7998702dc72dc90f501,49,1.1341120333110741,1.803302460603137,0.7868752375546201,1.3943770642172244,high_stress,0
0.3194754098360656,1.0,0.4026706999122439,1.0,20,0,0,0,residual_idcal,0.5,throughput,90200,0,1.250064637961194e+19,3ea32ea54c7007f06296a2ac72e5cee8d5b118c192f7b469b29679082556b1b0,46,1.1341120333110741,1.803302460603137,0.7868752375546201,1.3943770642172244,high_stress,0
0.3194754098360656,1.0,0.39543590286598085,1.0,20,0,0,0,residual_idcal,0.5,semantic,90200,0,1.250064637961194e+19,fcf5eafff98f1143f4899d9d8b3a565c52bacf9f3a1c51a8387e4e91e4f2470e,47,1.1341120333110741,1.803302460603137,0.7868752375546201,1.3943770642172244,high_stress,0
0.23765853658536587,0.5,0.4026706999122439,1.0,20,0,0,0,residual_predictive,1.0,throughput,90200,0,1.250064637961194e+19,883c92482bd2eb1e989a836eee6a00dfa55af67bd60596d7346b5fcdd65a080d,46,1.1341120333110741,1.803302460603137,0.7868752375546201,1.3943770642172244,high_stress,0
0.23765853658536587,0.5,0.39543590286598085,1.0,20,0,0,0,residual_predictive,1.0,semantic,90200,0,1.250064637961194e+19,4eca1c7291e5779a33fd092688c7a7afb6ea7b8ead8d10073890af7920bb64f6,47,1.1341120333110741,1.803302460603137,0.7868752375546201,1.3943770642172244,high_stress,0
0.5374803738317756,0.6666666666666666,0.6922838242590738,12.896,29,0,1,0,oracle,1.0,throughput,90200,1,1.2195821042690118e+19,da940678d24d395d576987094b9f31c8251af1ecec665d8be3fa709805ad404e,34,1.1341120333110741,1.803302460603137,0.7868752375546201,1.3943770642172244,high_stress,0
0.5332456074766355,0.6666666666666666,0.5171117171674114,12.464,29,0,1,0,oracle,1.0,semantic,90200,1,1.2195821042690118e+19,7d7988d61e484980ad219e4f19be05255ed9db74bac306af5cdde5510c0f1ce5,36,1.1341120333110741,1.803302460603137,0.7868752375546201,1.3943770642172244,high_stress,0
0.5374803738317756,0.6666666666666666,0.6922838242590738,12.896,29,0,1,0,mechanistic_calibrated,0.0,throughput,90200,1,1.2195821042690118e+19,4ecd89bb6cc0c2ed4b80fcf2cad2d3f6880958cd846487099b5086cbb75ad9f9,34,1.1341120333110741,1.803302460603137,0.7868752375546201,1.3943770642172244,high_stress,0
0.38449046728971964,0.3333333333333333,0.7014014630912445,16.695999999999998,30,0,1,0,mechanistic_calibrated,0.0,semantic,90200,1,1.2195821042690118e+19,47610c83818199ef61f3cef70468fa55405cc479ae3a599ec52c8d6be61f0715,35,1.1341120333110741,1.803302460603137,0.7868752375546201,1.3943770642172244,high_stress,0
0.6481723076923075,1.0,0.650754042862027,14.296000000000001,29,0,1,0,residual_quarter,0.25,throughput,90200,1,1.2195821042690118e+19,008b9486e27a42bdb096d0586f758f563917595742dc721900305b2f9f7c1ad1,34,1.1341120333110741,1.803302460603137,0.7868752375546201,1.3943770642172244,high_stress,0
0.4780279069767442,0.5,0.8339001950367848,14.908000000000001,29,0,1,0,residual_quarter,0.25,semantic,90200,1,1.2195821042690118e+19,74f9bd1fa56df57abbbabd0dce80a1307c27a3c4b26764d09af7c0d8f7154f6f,38,1.1341120333110741,1.803302460603137,0.7868752375546201,1.3943770642172244,high_stress,0
0.46879999999999994,0.5,0.8410169818864596,14.908000000000001,29,0,1,0,residual_idcal,0.5,throughput,90200,1,1.2195821042690118e+19,3ebdc8223e3d12f50894739026e59b057db17027a13f9f90b79369463bc63d7a,37,1.1341120333110741,1.803302460603137,0.7868752375546201,1.3943770642172244,high_stress,0
0.28704744186046505,0.0,0.8280243716418729,18.96,30,0,1,0,residual_idcal,0.5,semantic,90200,1,1.2195821042690118e+19,0369391dc0818143b49644a693be1c970a98c21b95017ca33475bc12ddf8ebfd,36,1.1341120333110741,1.803302460603137,0.7868752375546201,1.3943770642172244,high_stress,0
0.6799737704918032,1.0,0.6199653967213067,13.864,27,0,1,0,residual_predictive,1.0,throughput,90200,1,1.2195821042690118e+19,b57c04bf3708efc09f5ed8120ceaa722b50ad852926a6acb0421084f537e712d,34,1.1341120333110741,1.803302460603137,0.7868752375546201,1.3943770642172244,high_stress,0
0.6799737704918032,1.0,0.617966654760424,13.864,27,0,1,0,residual_predictive,1.0,semantic,90200,1,1.2195821042690118e+19,1de2beccc8b89c34089293b74691fa9a37a69b8191525ebd1279fb3be59ce420,34,1.1341120333110741,1.803302460603137,0.7868752375546201,1.3943770642172244,high_stress,0
0.6055733333333333,0.75,0.19060849281119302,21.528000000000002,41,0,1,0,oracle,1.0,throughput,90201,0,9.94227891471427e+18,0f982887cea83e048aee4fda4b5128069194b2b635752d0a3572a242d7d86650,14,0.9530594993117142,1.7488652628182766,0.9958366816426018,1.435541697810563,high_stress,1
0.6055733333333333,0.75,0.18673623444120574,21.528000000000002,41,0,1,0,oracle,1.0,semantic,90201,0,9.94227891471427e+18,ab79c67c2fadda1f645a615b37e3107c7a946d220cc6cf7de3471141b187c439,16,0.9530594993117142,1.7488652628182766,0.9958366816426018,1.435541697810563,high_stress,1
0.799488,1.0,0.2503916196219687,13.464,24,0,1,0,mechanistic_calibrated,0.0,throughput,90201,0,9.94227891471427e+18,3d728ebfa9f9b5db90e82bb1e19677ed486f4adf5c747ef1da6eaf7c245cfa97,10,0.9530594993117142,1.7488652628182766,0.9958366816426018,1.435541697810563,high_stress,1
0.799488,1.0,0.2440640205609775,13.464,24,0,1,0,mechanistic_calibrated,0.0,semantic,90201,0,9.94227891471427e+18,4603cf11ec1bf1da9d69ebd53dffa0e0d2452765e45aaca8bc28b4588de43c9f,10,0.9530594993117142,1.7488652628182766,0.9958366816426018,1.435541697810563,high_stress,1
0.799488,1.0,0.2503916196219687,13.464,24,0,1,0,residual_quarter,0.25,throughput,90201,0,9.94227891471427e+18,3096affa8d9a579b795ab13b92fccf09a1b42e6a33d0debf41262df54d75c79e,10,0.9530594993117142,1.7488652628182766,0.9958366816426018,1.435541697810563,high_stress,1
0.799488,1.0,0.2440640205609775,13.464,24,0,1,0,residual_quarter,0.25,semantic,90201,0,9.94227891471427e+18,8d4914a046bbc98a78d18fc7709c43c739e51b8b4689d6656f5af680eeb1a882,10,0.9530594993117142,1.7488652628182766,0.9958366816426018,1.435541697810563,high_stress,1
0.799488,1.0,0.2503916196219687,13.464,24,0,1,0,residual_idcal,0.5,throughput,90201,0,9.94227891471427e+18,bb219e3561036114ab7ea9882f6ef705d5c4e29bb54092d22d2b12d9af01b681,10,0.9530594993117142,1.7488652628182766,0.9958366816426018,1.435541697810563,high_stress,1
0.799488,1.0,0.2440640205609775,13.464,24,0,1,0,residual_idcal,0.5,semantic,90201,0,9.94227891471427e+18,9e454d1b5c86c261a37dfe4855c9388109733736e68b774934eeb95b278a2e03,10,0.9530594993117142,1.7488652628182766,0.9958366816426018,1.435541697810563,high_stress,1
0.799488,1.0,0.2503916196219687,13.464,24,0,1,0,residual_predictive,1.0,throughput,90201,0,9.94227891471427e+18,ef4c07301c22c390bd62599aa88d3fc521c1866fd22ba796dc540390f543c27b,10,0.9530594993117142,1.7488652628182766,0.9958366816426018,1.435541697810563,high_stress,1
0.799488,1.0,0.2440640205609775,13.464,24,0,1,0,residual_predictive,1.0,semantic,90201,0,9.94227891471427e+18,51ded084cce82e170636773a060be30606e08496c685f6ff122e0f5dd1eb4450,10,0.9530594993117142,1.7488652628182766,0.9958366816426018,1.435541697810563,high_stress,1
0.6955126153846153,1.0,0.14582173669928203,16.444,31,0,2,0,oracle,1.0,throughput,90201,1,1.050730684829858e+19,2248f38db0352cde532f1e7ebc0352fad4116499d9d7f1183ff568063bb7844c,17,0.9530594993117142,1.7488652628182766,0.9958366816426018,1.435541697810563,high_stress,1
0.6955126153846153,1.0,0.14489861565201348,16.444,31,0,2,0,oracle,1.0,semantic,90201,1,1.050730684829858e+19,9c1fd977275c0969e0704941ccb3e784135772a596ffcc8fb3499229d6d40897,17,0.9530594993117142,1.7488652628182766,0.9958366816426018,1.435541697810563,high_stress,1
0.7046498461538461,1.0,0.14581505865093636,16.444,31,0,2,0,mechanistic_calibrated,0.0,throughput,90201,1,1.050730684829858e+19,9f37cb1444d88a5e64f5da14560121bf00ab015dc09c5ed96281b80f245fcfd9,17,0.9530594993117142,1.7488652628182766,0.9958366816426018,1.435541697810563,high_stress,1
0.7046498461538461,1.0,0.14489223733024842,16.444,31,0,2,0,mechanistic_calibrated,0.0,semantic,90201,1,1.050730684829858e+19,3e63065e549d6063e604d83a8f75917c23c61fa973b38ddc1dc4e55a490ba374,17,0.9530594993117142,1.7488652628182766,0.9958366816426018,1.435541697810563,high_stress,1
0.7046498461538461,1.0,0.14581505865093636,16.444,31,0,2,0,residual_quarter,0.25,throughput,90201,1,1.050730684829858e+19,12c8e8bb417dd0f2c2d5f238855ca97b6b06a588df8307ad05bfcdef01b8b92b,17,0.9530594993117142,1.7488652628182766,0.9958366816426018,1.435541697810563,high_stress,1
0.7046498461538461,1.0,0.14489223733024842,16.444,31,0,2,0,residual_quarter,0.25,semantic,90201,1,1.050730684829858e+19,a507f19f9d98d6fb775733b1ab8b5075d33cf0e2d54f3b39efe0c3a0e034fa59,17,0.9530594993117142,1.7488652628182766,0.9958366816426018,1.435541697810563,high_stress,1
0.673855072463768,1.0,0.5548177392427449,17.128,33,0,2,0,residual_idcal,0.5,throughput,90201,1,1.050730684829858e+19,5331b67a00e9031651bc9491e3202d5da89c29d7ad3b05509a031d2d5c5c6c02,45,0.9530594993117142,1.7488652628182766,0.9958366816426018,1.435541697810563,high_stress,1
0.673855072463768,1.0,0.5476611815038074,17.128,33,0,2,0,residual_idcal,0.5,semantic,90201,1,1.050730684829858e+19,c311c758871237f079cdc285ef15f277abe7bf07234c0ad55697eed7d05f5b94,45,0.9530594993117142,1.7488652628182766,0.9958366816426018,1.435541697810563,high_stress,1
0.3281351111111111,0.0,0.2230709205670843,10.464,17,0,1,0,residual_predictive,1.0,throughput,90201,1,1.050730684829858e+19,af7afcd34cda21aeb50f78760e84d3a7dc9e11b9025aedc089358a36b695512f,11,0.9530594993117142,1.7488652628182766,0.9958366816426018,1.435541697810563,high_stress,1
0.3281351111111111,0.0,0.22276328395704764,10.463999999999999,17,0,1,0,residual_predictive,1.0,semantic,90201,1,1.050730684829858e+19,ab57e19e86e84c6d34ac530b8ed7797f7bdbd0fea8814a414143d2203a2ccefd,11,0.9530594993117142,1.7488652628182766,0.9958366816426018,1.435541697810563,high_stress,1
0.6544306849315068,1.0,0.5250584867517764,19.095999999999997,37,0,3,0,oracle,1.0,throughput,90202,0,1.6587176290811824e+19,388e4cdc28a09c3e7fec4cf801b5b10965264e50a093e583b143ba66b4fddef3,42,1.1986759422948718,1.8083959065405142,1.043133406041692,1.2456084468897966,high_stress,2
0.8164627692307692,1.0,0.4907767997974441,21.496,34,0,3,0,oracle,1.0,semantic,90202,0,1.6587176290811824e+19,3e54a2742a6a58a94c3d2e274d8e50ee7ddf6343d098e5a1889da590c11b6b5f,35,1.1986759422948718,1.8083959065405142,1.043133406041692,1.2456084468897966,high_stress,2
0.5719854545454546,0.0,0.6955261186843961,18.095999999999997,32,0,3,0,mechanistic_calibrated,0.0,throughput,90202,0,1.6587176290811824e+19,92be21aa75e62f78a4c1ebc2055236c40c200fbd4d41b87c1b49d91a495faaaa,47,1.1986759422948718,1.8083959065405142,1.043133406041692,1.2456084468897966,high_stress,2
0.5011200000000001,0.0,0.7369166220772364,15.695999999999998,31,0,3,0,mechanistic_calibrated,0.0,semantic,90202,0,1.6587176290811824e+19,a5239433da62ebe9f0cf5436b558fe423d9e9a0fa75a53b7838ecc64798beee9,48,1.1986759422948718,1.8083959065405142,1.043133406041692,1.2456084468897966,high_stress,2
0.6563490909090911,0.0,0.7683353914478188,20.495999999999995,33,0,3,0,residual_quarter,0.25,throughput,90202,0,1.6587176290811824e+19,ea0d215aff0a7b434440f97e6c0bc0a30b3c57cd436d9bc0e5736891f51ce349,46,1.1986759422948718,1.8083959065405142,1.043133406041692,1.2456084468897966,high_stress,2
0.6016533333333335,0.0,0.7788989452564573,20.495999999999995,35,0,3,0,residual_quarter,0.25,semantic,90202,0,1.6587176290811824e+19,e1c5e218226469659b6cc85e4ad11c2f69135a15dd3c2be55008290f70e4639b,43,1.1986759422948718,1.8083959065405142,1.043133406041692,1.2456084468897966,high_stress,2
0.6563490909090911,0.0,0.7683353914478188,20.495999999999995,33,0,3,0,residual_idcal,0.5,throughput,90202,0,1.6587176290811824e+19,443d520d1422b387f4480826e34bfb6d3850b3dada3232e805e821d986d327a5,46,1.1986759422948718,1.8083959065405142,1.043133406041692,1.2456084468897966,high_stress,2
0.6563490909090911,0.0,0.7671252154998518,20.495999999999995,33,0,3,0,residual_idcal,0.5,semantic,90202,0,1.6587176290811824e+19,fbc7c184d37bdd142dcf0064027243e3ca97735fb55bda6e89543ef6c2c8f529,46,1.1986759422948718,1.8083959065405142,1.043133406041692,1.2456084468897966,high_stress,2
0.19683945205479453,0.0,0.6801800091065895,10.463999999999999,31,0,3,0,residual_predictive,1.0,throughput,90202,0,1.6587176290811824e+19,2fc190269abea85e8646fb6bc4119bb46f92bdcf0a357c2fc56181901d22fb3c,67,1.1986759422948718,1.8083959065405142,1.043133406041692,1.2456084468897966,high_stress,2
0.19683945205479453,0.0,0.678943033962591,10.463999999999999,31,0,3,0,residual_predictive,1.0,semantic,90202,0,1.6587176290811824e+19,a216d75f9e2cfde3ddceeec6586e37627919234ef79d43dd0a0ae28297c122cd,67,1.1986759422948718,1.8083959065405142,1.043133406041692,1.2456084468897966,high_stress,2
0.6545907070707072,0.6666666666666666,0.5483741627420715,15.224,30,1,1,1,oracle,1.0,throughput,90202,1,1.5946133735786031e+19,7cd1e444ec731ee07fcbeeb9f39004f73ce2876a290758c54960fd5335ddab39,31,1.1986759422948718,1.8083959065405142,1.043133406041692,1.2456084468897966,high_stress,2
0.8440819512195125,1.0,0.2842166942637222,8.812000000000001,20,2,1,1,oracle,1.0,semantic,90202,1,1.5946133735786031e+19,c5a96f46dca542afb0596db08de8ee56fc76d6b35797bab759ede860749ee2a7,6,1.1986759422948718,1.8083959065405142,1.043133406041692,1.2456084468897966,high_stress,2
0.6867767741935483,0.75,0.3007406127960792,15.611999999999998,29,0,1,0,mechanistic_calibrated,0.0,throughput,90202,1,1.5946133735786031e+19,dc48344790b015a87400f7baf50e4b62ee6c346ff0d9f4913e6c380c38e1e678,6,1.1986759422948718,1.8083959065405142,1.043133406041692,1.2456084468897966,high_stress,2
0.6867767741935483,0.75,0.2956847397908783,15.611999999999998,29,0,1,0,mechanistic_calibrated,0.0,semantic,90202,1,1.5946133735786031e+19,1ea7a8111cfd240d619ad33b934907787eecad302fd64784bea12d8818a2f1a5,6,1.1986759422948718,1.8083959065405142,1.043133406041692,1.2456084468897966,high_stress,2
0.8851474285714285,1.0,0.29620988206858195,14.611999999999998,22,0,1,0,residual_quarter,0.25,throughput,90202,1,1.5946133735786031e+19,a94cd9088982e7894f33e877c836e5aaba42fa672aecba93c7d11e66305bcb7f,6,1.1986759422948718,1.8083959065405142,1.043133406041692,1.2456084468897966,high_stress,2
0.8851474285714285,1.0,0.2947973357711158,14.611999999999998,22,0,1,0,residual_quarter,0.25,semantic,90202,1,1.5946133735786031e+19,2ec61235dbc6652aa4ee8104199cc2390fa6600f10fe08f3b9f1d5e9804c839f,6,1.1986759422948718,1.8083959065405142,1.043133406041692,1.2456084468897966,high_stress,2
0.5400339393939394,0.5,0.6147659270669171,11.212,18,0,1,0,residual_idcal,0.5,throughput,90202,1,1.5946133735786031e+19,d4b1f8095b57f447446fc05cb59676c21e1fc5bde7de84c59298d69e9f6a21a1,13,1.1986759422948718,1.8083959065405142,1.043133406041692,1.2456084468897966,high_stress,2
0.5400339393939394,0.5,0.6129742613294098,11.212,18,0,1,0,residual_idcal,0.5,semantic,90202,1,1.5946133735786031e+19,e89c290a4ddef34a6541aae89e41000758ae6aee75ca873439ff8626fa735f73,13,1.1986759422948718,1.8083959065405142,1.043133406041692,1.2456084468897966,high_stress,2
0.8972891428571429,1.0,0.29620988206858195,15.044,22,0,1,0,residual_predictive,1.0,throughput,90202,1,1.5946133735786031e+19,3941f4b6f087227b4cc14ba1f749e778e465e9e5bd481507342dedfc704c22b0,6,1.1986759422948718,1.8083959065405142,1.043133406041692,1.2456084468897966,high_stress,2
0.8972891428571429,1.0,0.2947973357711158,15.044,22,0,1,0,residual_predictive,1.0,semantic,90202,1,1.5946133735786031e+19,7d1f49c93ba6e158912d6f10ec5a3dd79d8cde94bd2f618be32ff2966374ca4f,6,1.1986759422948718,1.8083959065405142,1.043133406041692,1.2456084468897966,high_stress,2
0.6053149425287357,0.6666666666666666,0.6157821570330246,7.843999999999999,18,0,2,0,oracle,1.0,throughput,90203,0,9.870248992729604e+17,fb029fa2d75ebe9214d6f5dc16aa2afba94ab57431692358c597edc2e58a3314,13,1.0157821411552386,1.7679511338888,0.8163502237115425,1.2208058557978316,high_stress,3
0.6053149425287357,0.6666666666666666,0.6075280210527905,7.843999999999999,18,0,2,0,oracle,1.0,semantic,90203,0,9.870248992729604e+17,e48de74f98f960665ee1d12365d574b47bf4a4d4b2a64ed0239dd00f8c440761,13,1.0157821411552386,1.7679511338888,0.8163502237115425,1.2208058557978316,high_stress,3
0.7460266666666667,1.0,0.6331009048284896,9.244,18,0,2,0,mechanistic_calibrated,0.0,throughput,90203,0,9.870248992729604e+17,b63c3921e44af41c52b8bb95f4107b379afe2546f3567d806207feba3902684c,17,1.0157821411552386,1.7679511338888,0.8163502237115425,1.2208058557978316,high_stress,3
0.6851265306122449,1.0,0.6312443974014338,9.244,20,0,2,0,mechanistic_calibrated,0.0,semantic,90203,0,9.870248992729604e+17,d9e007ffc57688455acd522263e7082c2fcf27215f5815bba3ba57e3bf3d56e9,17,1.0157821411552386,1.7679511338888,0.8163502237115425,1.2208058557978316,high_stress,3
0.32938666666666666,0.0,0.8609001835251502,10.896,18,0,2,0,residual_quarter,0.25,throughput,90203,0,9.870248992729604e+17,c73978b8a6cf5ffd374ed6d8b2984e51b7517651b30c3bccd9aa389c1bc46d9d,17,1.0157821411552386,1.7679511338888,0.8163502237115425,1.2208058557978316,high_stress,3
0.30249795918367345,0.0,0.8588739848620341,10.896,20,0,2,0,residual_quarter,0.25,semantic,90203,0,9.870248992729604e+17,4cc3eb5e764cef48ba051e347d4ea55d4dfd819bc1e3aca65a737af8175f9ad9,17,1.0157821411552386,1.7679511338888,0.8163502237115425,1.2208058557978316,high_stress,3
0.32938666666666666,0.0,0.8609001835251502,10.896,18,0,2,0,residual_idcal,0.5,throughput,90203,0,9.870248992729604e+17,1491d4c8389b25679d28cde0f6328fea1edcb80db350175aa07802a693efa286,17,1.0157821411552386,1.7679511338888,0.8163502237115425,1.2208058557978316,high_stress,3
0.30249795918367345,0.0,0.8588739848620341,10.896,20,0,2,0,residual_idcal,0.5,semantic,90203,0,9.870248992729604e+17,d708abd4de1f4c0a0ce1e042abef5d63357c44933468506a09994e90d3061b0e,17,1.0157821411552386,1.7679511338888,0.8163502237115425,1.2208058557978316,high_stress,3
0.32938666666666666,0.0,0.8609001835251502,10.896,18,0,2,0,residual_predictive,1.0,throughput,90203,0,9.870248992729604e+17,771c542c0742eb096abe583f29e3f69a537bb779b96d20d8515245e5d02610bf,17,1.0157821411552386,1.7679511338888,0.8163502237115425,1.2208058557978316,high_stress,3
0.30249795918367345,0.0,0.8588739848620341,10.896,20,0,2,0,residual_predictive,1.0,semantic,90203,0,9.870248992729604e+17,926686b853a004ef6b39528a819816a406a2d4538a289f8c66aea1619b60b429,17,1.0157821411552386,1.7679511338888,0.8163502237115425,1.2208058557978316,high_stress,3
0.8200933333333331,1.0,0.6825761626752289,24.855999999999998,43,0,1,0,oracle,1.0,throughput,90203,1,9.942410959412412e+18,d16f3718c02ac043737b29413c70f7cd0adcbe98dbe30ca72e797ac69556e67e,35,1.0157821411552386,1.7679511338888,0.8163502237115425,1.2208058557978316,high_stress,3
0.8169466666666665,1.0,0.468864146228355,24.424,43,0,1,0,oracle,1.0,semantic,90203,1,9.942410959412412e+18,a473da7c9e3b20c4a4de0929ea0304946d54fb291ad19cb291e626e7a4a54261,35,1.0157821411552386,1.7679511338888,0.8163502237115425,1.2208058557978316,high_stress,3
0.42593939393939395,0.5,0.41921645420868914,16.476,44,1,0,1,mechanistic_calibrated,0.0,throughput,90203,1,9.942410959412412e+18,ecf9463ffa1a3d8c67e4e8201b3ebaef9ade6f84be6bb970a19346b35176c648,46,1.0157821411552386,1.7679511338888,0.8163502237115425,1.2208058557978316,high_stress,3
0.42464646464646466,0.5,0.4341969217551888,16.044,43,1,0,0,mechanistic_calibrated,0.0,semantic,90203,1,9.942410959412412e+18,b1a2cec08e5db56039c98cb8003d506260062e99acd9cde6f143acb15de9ca31,42,1.0157821411552386,1.7679511338888,0.8163502237115425,1.2208058557978316,high_stress,3
0.7106588764044943,0.8333333333333334,0.41572434141557457,16.003999999999998,35,0,0,0,residual_quarter,0.25,throughput,90203,1,9.942410959412412e+18,fc93f39f9cbdcca252a7de5b21b13adaa7f83c795aa5e8f740702c55c4d87693,17,1.0157821411552386,1.7679511338888,0.8163502237115425,1.2208058557978316,high_stress,3
0.5235044848484849,0.6,0.7360796619479537,15.0,42,1,1,2,residual_quarter,0.25,semantic,90203,1,9.942410959412412e+18,bbec9cb159138071525f2a66e77549efdacf03d74a337de52e62ea42136be6cb,32,1.0157821411552386,1.7679511338888,0.8163502237115425,1.2208058557978316,high_stress,3
0.7634681081081078,1.0,0.5072305899121815,20.308,43,0,1,0,residual_idcal,0.5,throughput,90203,1,9.942410959412412e+18,0f49e1a20832059ff765d138b7a55e4828c4f863613cb083d242749461d6cd33,38,1.0157821411552386,1.7679511338888,0.8163502237115425,1.2208058557978316,high_stress,3
0.7885491891891889,1.0,0.49533778424762936,20.308,43,0,1,0,residual_idcal,0.5,semantic,90203,1,9.942410959412412e+18,889fb589397186043e7a669181d7e4c7976d11c784bd41c955a68e4ecc130e1f,41,1.0157821411552386,1.7679511338888,0.8163502237115425,1.2208058557978316,high_stress,3
0.07309940594059405,0.0,0.42259268744617184,10.463999999999999,35,0,0,0,residual_predictive,1.0,throughput,90203,1,9.942410959412412e+18,0cdf9ddae8fcd3f77a48e104b2e7068161784d8dbb0e99477c9d903439b69897,93,1.0157821411552386,1.7679511338888,0.8163502237115425,1.2208058557978316,high_stress,3
0.07309940594059405,0.0,0.4169211266309653,10.463999999999999,35,0,0,0,residual_predictive,1.0,semantic,90203,1,9.942410959412412e+18,0cb9b1494c2b63b5b6e5fb4437e0142572f0c3feaf66540d31ace661761b886b,90,1.0157821411552386,1.7679511338888,0.8163502237115425,1.2208058557978316,high_stress,3
0.8465170731707317,1.0,0.25812767586204055,11.896,15,0,0,0,oracle,1.0,throughput,90204,0,3.6223294710925926e+18,13bea2267d60f00451f0220c35643f52e299fd2ef1ba9dd98b68a520d2fb91a1,6,0.9492954772829301,1.6213141405387497,1.0258286865689592,1.272843123618666,high_stress,4
0.8465170731707317,1.0,0.2570574726209093,11.896,15,0,0,0,oracle,1.0,semantic,90204,0,3.6223294710925926e+18,d9af1fe8c2deb554fd7abd341fd0747900a61ca9601e6581be8ffe4b60b59a08,6,0.9492954772829301,1.6213141405387497,1.0258286865689592,1.272843123618666,high_stress,4
0.7083102040816327,1.0,0.45889372702210646,11.896,19,0,0,0,mechanistic_calibrated,0.0,throughput,90204,0,3.6223294710925926e+18,35bdd117548c687fa3570fc8b26562c9aebf4e52cf5ef6b98a3da30f21138456,13,0.9492954772829301,1.6213141405387497,1.0258286865689592,1.272843123618666,high_stress,4
0.7083102040816327,1.0,0.4574526168309596,11.896,19,0,0,0,mechanistic_calibrated,0.0,semantic,90204,0,3.6223294710925926e+18,2af963099ca6ad569185ab93cabb3f7160fc360a5dae98c152d7b015b40f0566,13,0.9492954772829301,1.6213141405387497,1.0258286865689592,1.272843123618666,high_stress,4
0.7083102040816327,1.0,0.45889372702210646,11.896,19,0,0,0,residual_quarter,0.25,throughput,90204,0,3.6223294710925926e+18,683eab4f6156bc77a651a18783fa36a69959c60d389fe094292682f38f547282,13,0.9492954772829301,1.6213141405387497,1.0258286865689592,1.272843123618666,high_stress,4
0.7083102040816327,1.0,0.4574526168309596,11.896,19,0,0,0,residual_quarter,0.25,semantic,90204,0,3.6223294710925926e+18,7c042516ec9a6eda2e4a1b968cc13a1aaefed51be1915e14b1f3d96654e4230e,13,0.9492954772829301,1.6213141405387497,1.0258286865689592,1.272843123618666,high_stress,4
0.7083102040816327,1.0,0.45889372702210646,11.896,19,0,0,0,residual_idcal,0.5,throughput,90204,0,3.6223294710925926e+18,0010066c2ea30f566de091109b81cfc2e8d5b600d3b9f53d39330ef224080e73,13,0.9492954772829301,1.6213141405387497,1.0258286865689592,1.272843123618666,high_stress,4
0.7083102040816327,1.0,0.4574526168309596,11.896,19,0,0,0,residual_idcal,0.5,semantic,90204,0,3.6223294710925926e+18,2ecc6c8586bf1ce43cce71701ae0c10a0e78ca84d78f02f8e9007fe56af8e13d,13,0.9492954772829301,1.6213141405387497,1.0258286865689592,1.272843123618666,high_stress,4
0.7083102040816327,1.0,0.45889372702210646,11.896,19,0,0,0,residual_predictive,1.0,throughput,90204,0,3.6223294710925926e+18,9df79674c6ebb466748fbb2325b18f74e15b9b176f9de64f18a0a04c57e1b81d,13,0.9492954772829301,1.6213141405387497,1.0258286865689592,1.272843123618666,high_stress,4
0.7083102040816327,1.0,0.4574526168309596,11.896,19,0,0,0,residual_predictive,1.0,semantic,90204,0,3.6223294710925926e+18,d9f7619630f914ff737e3a21a5034a25b946ec0e7e84684ed68218b16358efc5,13,0.9492954772829301,1.6213141405387497,1.0258286865689592,1.272843123618666,high_stress,4
0.9162666666666667,1.0,0.15110642414978695,3.1799999999999997,9,0,0,0,oracle,1.0,throughput,90204,1,1.2918637721256851e+19,8994105095d444b142fa94ca15f893be6a03878f123bb776f05c4e7e7bce22cc,3,0.9492954772829301,1.6213141405387497,1.0258286865689592,1.272843123618666,high_stress,4
0.9162666666666667,1.0,0.13956174265843843,3.1799999999999997,9,0,0,0,oracle,1.0,semantic,90204,1,1.2918637721256851e+19,3c1deecf164579b80773483bb1d1c35b3555b54ca1f3d9c4328fe13c76c5f8df,3,0.9492954772829301,1.6213141405387497,1.0258286865689592,1.272843123618666,high_stress,4
0.9162666666666667,1.0,0.15110642414978695,3.1799999999999997,9,0,0,0,mechanistic_calibrated,0.0,throughput,90204,1,1.2918637721256851e+19,cb2c45a835546247bc55909690c17362dfc050763b8f7c3da8926e610de43d6a,3,0.9492954772829301,1.6213141405387497,1.0258286865689592,1.272843123618666,high_stress,4
0.9162666666666667,1.0,0.13956174265843843,3.1799999999999997,9,0,0,0,mechanistic_calibrated,0.0,semantic,90204,1,1.2918637721256851e+19,88d5a7f5c480c8a2512b3627c8df76b703a3cd192dc2f27736a4bf9639ca94c7,3,0.9492954772829301,1.6213141405387497,1.0258286865689592,1.272843123618666,high_stress,4
0.9162666666666667,1.0,0.15110642414978695,3.1799999999999997,9,0,0,0,residual_quarter,0.25,throughput,90204,1,1.2918637721256851e+19,134df71aa1946a9fd8dcb87d13abec1d684711fd730e65d0f8cbef31990d74ec,3,0.9492954772829301,1.6213141405387497,1.0258286865689592,1.272843123618666,high_stress,4
0.9162666666666667,1.0,0.13956174265843843,3.1799999999999997,9,0,0,0,residual_quarter,0.25,semantic,90204,1,1.2918637721256851e+19,0b4212e075f8ce210671ca44e86955a7ab0f747fda5ffa3770cd097ef29bb3a5,3,0.9492954772829301,1.6213141405387497,1.0258286865689592,1.272843123618666,high_stress,4
0.9162666666666667,1.0,0.15110642414978695,3.1799999999999997,9,0,0,0,residual_idcal,0.5,throughput,90204,1,1.2918637721256851e+19,7d89672ab976bdf48a716f627b2a50d896f56dea8d77343dd53497c7507725b9,3,0.9492954772829301,1.6213141405387497,1.0258286865689592,1.272843123618666,high_stress,4
0.9162666666666667,1.0,0.13956174265843843,3.1799999999999997,9,0,0,0,residual_idcal,0.5,semantic,90204,1,1.2918637721256851e+19,70ebbd6324b95b84f0e6dd3edee893e3f075a16d987733238d8e9cca7b6d2768,3,0.9492954772829301,1.6213141405387497,1.0258286865689592,1.272843123618666,high_stress,4
0.9162666666666667,1.0,0.15110642414978695,3.1799999999999997,9,0,0,0,residual_predictive,1.0,throughput,90204,1,1.2918637721256851e+19,a71e56e729b119fb5441ac56ecb77ccb75812bde5c582437643d564bcc091789,3,0.9492954772829301,1.6213141405387497,1.0258286865689592,1.272843123618666,high_stress,4
0.9162666666666667,1.0,0.13956174265843843,3.1799999999999997,9,0,0,0,residual_predictive,1.0,semantic,90204,1,1.2918637721256851e+19,f5e886c0c23e4882a1a3da5d5e22c8de4428bf4121617cdee42db4b21c199919,3,0.9492954772829301,1.6213141405387497,1.0258286865689592,1.272843123618666,high_stress,4
0.7502739393939395,1.0,0.6585703174273131,4.4,17,0,2,0,oracle,1.0,throughput,90300,0,6.653310517781707e+18,076f3c48f7a1596e283746b75e4adcf2044bd5488bbead23c7c1bad7ec374371,28,0.8796627043631089,1.1935105887096804,0.7639711381169138,1.021982122058808,weak_channel,0
0.7502739393939395,1.0,0.6475680658507934,4.4,17,0,2,0,oracle,1.0,semantic,90300,0,6.653310517781707e+18,8f37e9b66ac9c0b2c5e388c6ca8482845e01cc815b4f9e7b4c4234f390869622,29,0.8796627043631089,1.1935105887096804,0.7639711381169138,1.021982122058808,weak_channel,0
0.7290068292682929,1.0,0.7288368364420889,6.231999999999999,14,0,1,0,mechanistic_calibrated,0.0,throughput,90300,0,6.653310517781707e+18,9a7b6b78eb34aaf41728caae7677a5170a9b1392c987733e65be51630155cb16,19,0.8796627043631089,1.1935105887096804,0.7639711381169138,1.021982122058808,weak_channel,0
0.7290068292682929,1.0,0.7240299136876214,6.231999999999999,14,0,1,0,mechanistic_calibrated,0.0,semantic,90300,0,6.653310517781707e+18,c3974f24efb285b92d2947aec446886a7896ef93e8e99d895674d1858e64aad2,19,0.8796627043631089,1.1935105887096804,0.7639711381169138,1.021982122058808,weak_channel,0
0.6940315151515152,1.0,0.6587733080258578,4.4,17,0,2,0,residual_quarter,0.25,throughput,90300,0,6.653310517781707e+18,232a91973fbed1e18ee4ab4afa83fa0e6821134106a505c2f55af290d3481d9b,28,0.8796627043631089,1.1935105887096804,0.7639711381169138,1.021982122058808,weak_channel,0
0.5721158620689656,0.6666666666666666,0.846923035745611,7.232,18,0,2,0,residual_quarter,0.25,semantic,90300,0,6.653310517781707e+18,31e64e3e943fe3322746735fc815c29f4bba6823c11b6abaea3846219c31b2b3,30,0.8796627043631089,1.1935105887096804,0.7639711381169138,1.021982122058808,weak_channel,0
0.5913397894736842,0.6666666666666666,0.932424794812977,10.244,23,0,2,0,residual_idcal,0.5,throughput,90300,0,6.653310517781707e+18,f065c3534fdcf3067e47d99a1000d3784c591d6fcaba6e7794679c7ec006398c,28,0.8796627043631089,1.1935105887096804,0.7639711381169138,1.021982122058808,weak_channel,0
0.5913397894736842,0.6666666666666666,0.9213498556606428,10.244,23,0,2,0,residual_idcal,0.5,semantic,90300,0,6.653310517781707e+18,a60857d58a401f611751e834b9c1372c575ad11f81bb921a03f7b18d8716ec4e,28,0.8796627043631089,1.1935105887096804,0.7639711381169138,1.021982122058808,weak_channel,0
0.7502739393939395,1.0,0.6585196675199557,4.4,17,0,2,0,residual_predictive,1.0,throughput,90300,0,6.653310517781707e+18,d99482625cc25549ae0a8e6d8423286ede788678b88b394c74581f94fba5c053,28,0.8796627043631089,1.1935105887096804,0.7639711381169138,1.021982122058808,weak_channel,0
0.7502739393939395,1.0,0.6475198794072868,4.4,17,0,2,0,residual_predictive,1.0,semantic,90300,0,6.653310517781707e+18,c12eac6db27d55dd3f505f484e7ae61b35756e4a09294b0b4e853ac27d270100,29,0.8796627043631089,1.1935105887096804,0.7639711381169138,1.021982122058808,weak_channel,0
0.9180540540540542,1.0,0.5544788944931123,9.244,13,0,1,0,oracle,1.0,throughput,90300,1,1.2730129316837091e+19,dafd83f3acc0d11e216e9b2642d731f9db2f57f51272f8a2f81db123b888cf43,14,0.8796627043631089,1.1935105887096804,0.7639711381169138,1.021982122058808,weak_channel,0
0.5691733333333333,0.0,1.2095429408892724,4.8,13,1,1,1,oracle,1.0,semantic,90300,1,1.2730129316837091e+19,3c4f88d2f81846ed312b1f88b69d21c56d867abe67838dcf94c2bf7ca602578c,19,0.8796627043631089,1.1935105887096804,0.7639711381169138,1.021982122058808,weak_channel,0
0.728,0.0,1.1587260898766873,8.064,12,0,1,0,mechanistic_calibrated,0.0,throughput,90300,1,1.2730129316837091e+19,2c2c18161a16cd262ee73d137f809aa05d5c8fe02ff9d326ae3a94264daf0595,23,0.8796627043631089,1.1935105887096804,0.7639711381169138,1.021982122058808,weak_channel,0
0.728,0.0,1.1582776331448332,8.064,12,0,1,0,mechanistic_calibrated,0.0,semantic,90300,1,1.2730129316837091e+19,a7b830c265a166d9c00690ed847d1f51660d70ee06abbb2dcbad59296788a406,23,0.8796627043631089,1.1935105887096804,0.7639711381169138,1.021982122058808,weak_channel,0
0.728,0.0,1.1587260898766873,8.064,12,0,1,0,residual_quarter,0.25,throughput,90300,1,1.2730129316837091e+19,de40cad5e5c02e008031226b87a7b9e466000c7709755b7650d33546704b7e92,23,0.8796627043631089,1.1935105887096804,0.7639711381169138,1.021982122058808,weak_channel,0
0.728,0.0,1.1582776331448332,8.064,12,0,1,0,residual_quarter,0.25,semantic,90300,1,1.2730129316837091e+19,8baa7ef3f5b9ad50a632a17f2564286a60ea8b135ef83ace121bb2760486552e,23,0.8796627043631089,1.1935105887096804,0.7639711381169138,1.021982122058808,weak_channel,0
0.9180540540540542,1.0,0.7396736610838704,9.244,13,0,1,0,residual_idcal,0.5,throughput,90300,1,1.2730129316837091e+19,4168ee411d1a8a590e496d6b39831df64c37b198a55749abab047fefff25a2cb,17,0.8796627043631089,1.1935105887096804,0.7639711381169138,1.021982122058808,weak_channel,0
0.728,0.0,1.1582776331448332,8.064,12,0,1,0,residual_idcal,0.5,semantic,90300,1,1.2730129316837091e+19,604c12037d6a494e0ad37c68f41ab6c62db09ee0e8b02708173617d311f5910e,23,0.8796627043631089,1.1935105887096804,0.7639711381169138,1.021982122058808,weak_channel,0
0.9180540540540542,1.0,0.7396736610838704,9.244,13,0,1,0,residual_predictive,1.0,throughput,90300,1,1.2730129316837091e+19,9310ab56b024005c30b41ac6d18dd82509b5f8817e9d76d934c35d109ad3f373,17,0.8796627043631089,1.1935105887096804,0.7639711381169138,1.021982122058808,weak_channel,0
0.728,0.0,1.1582776331448332,8.064,12,0,1,0,residual_predictive,1.0,semantic,90300,1,1.2730129316837091e+19,dc30f7a400258ca3895a03dee3b186f8d0f62ffe0688e6029ad58fd90b9af458,23,0.8796627043631089,1.1935105887096804,0.7639711381169138,1.021982122058808,weak_channel,0
0.9621102702702703,1.0,0.5748810343521454,8.812,12,0,0,0,oracle,1.0,throughput,90301,0,1.1944561670460285e+19,6d32427a17dd4606448e3143413caa299e4fb057b5acbf728fc0cd00df77bfdd,13,0.9067393423669969,1.1308256274059982,0.7471234987115978,1.2317882663156716,weak_channel,1
0.892614193548387,1.0,0.4231137694059301,10.244,15,0,0,0,oracle,1.0,semantic,90301,0,1.1944561670460285e+19,1d9d46a6f821c75bf55c1c3cce91bc1ff8f2b278f68ea5f440e440eecb3000c0,15,0.9067393423669969,1.1308256274059982,0.7471234987115978,1.2317882663156716,weak_channel,1
0.8900526829268294,1.0,0.4338211028900951,11.643999999999998,15,0,0,0,mechanistic_calibrated,0.0,throughput,90301,0,1.1944561670460285e+19,061a02e27df831471d7742314ed297fa702cccb07c292fba310564088705d83f,15,0.9067393423669969,1.1308256274059982,0.7471234987115978,1.2317882663156716,weak_channel,1
0.852614193548387,1.0,0.42311211521112335,10.244,15,0,0,0,mechanistic_calibrated,0.0,semantic,90301,0,1.1944561670460285e+19,b3428193b0ffb72ec9bbdc22cc2b30c2a67fc7339fa28cad367297ed288855b6,15,0.9067393423669969,1.1308256274059982,0.7471234987115978,1.2317882663156716,weak_channel,1
0.8900526829268294,1.0,0.4338211028900951,11.643999999999998,15,0,0,0,residual_quarter,0.25,throughput,90301,0,1.1944561670460285e+19,fdec360c33e3d9dc1678c3a8a9b489d660287c64a9835e5aa709105406d38fb1,15,0.9067393423669969,1.1308256274059982,0.7471234987115978,1.2317882663156716,weak_channel,1
0.852614193548387,1.0,0.42311211521112335,10.244,15,0,0,0,residual_quarter,0.25,semantic,90301,0,1.1944561670460285e+19,af5a8fd017d6e7cc64468d56128dae88cc2a466ade054ae132ad237113246611,15,0.9067393423669969,1.1308256274059982,0.7471234987115978,1.2317882663156716,weak_channel,1
0.9712702439024391,1.0,0.4351520529535854,12.076,15,0,0,0,residual_idcal,0.5,throughput,90301,0,1.1944561670460285e+19,72fd7a3e47a0dbcbd8ede072e825a8db9ca9e6ccc04f9a5bad088c903acd549c,15,0.9067393423669969,1.1308256274059982,0.7471234987115978,1.2317882663156716,weak_channel,1
0.892614193548387,1.0,0.4231137694059301,10.244,15,0,0,0,residual_idcal,0.5,semantic,90301,0,1.1944561670460285e+19,b3dee435248d7892e22a099df4c4ff35a6f9f16bae5ef7ea3a21c943be861190,15,0.9067393423669969,1.1308256274059982,0.7471234987115978,1.2317882663156716,weak_channel,1
0.9712702439024391,1.0,0.4351520529535854,12.076,15,0,0,0,residual_predictive,1.0,throughput,90301,0,1.1944561670460285e+19,f215e06e4606c889e06cb9b051482338853ff1a9c0bcdb8c9df5f2462cd0b0d7,15,0.9067393423669969,1.1308256274059982,0.7471234987115978,1.2317882663156716,weak_channel,1
0.892614193548387,1.0,0.4231137694059301,10.244,15,0,0,0,residual_predictive,1.0,semantic,90301,0,1.1944561670460285e+19,7a935b306705ba8a161ad4a7d9d85dfd0aaa651570a73ba7b31c04c9ab2dde73,15,0.9067393423669969,1.1308256274059982,0.7471234987115978,1.2317882663156716,weak_channel,1
0.6157241379310344,0.6666666666666666,0.24816885434738412,5.192,15,0,0,0,oracle,1.0,throughput,90301,1,1.3721407667412451e+19,474d28d1dd6a9a02e7b9b385171b70a832927639f161dad41b1291bd1be0ba1f,2,0.9067393423669969,1.1308256274059982,0.7471234987115978,1.2317882663156716,weak_channel,1
0.6157241379310344,0.6666666666666666,0.23976774175461305,5.192,15,0,0,0,oracle,1.0,semantic,90301,1,1.3721407667412451e+19,f030f7a4d69a529b743946d380d6158bdb4afebce83e56a9830f93ba397045de,2,0.9067393423669969,1.1308256274059982,0.7471234987115978,1.2317882663156716,weak_channel,1
0.5546666666666666,0.6666666666666666,0.24816885434738412,5.012,15,0,0,0,mechanistic_calibrated,0.0,throughput,90301,1,1.3721407667412451e+19,414a3f8421d02e2498ec2bfa60c1452260cff923f8e012c51434c55ebce386e8,2,0.9067393423669969,1.1308256274059982,0.7471234987115978,1.2317882663156716,weak_channel,1
0.5546666666666666,0.6666666666666666,0.23976774175461305,5.012,15,0,0,0,mechanistic_calibrated,0.0,semantic,90301,1,1.3721407667412451e+19,71fe8ceb5ced44181f4e4eff6787e86aed7d235ee6b0189e9e080ef5e8f519e1,2,0.9067393423669969,1.1308256274059982,0.7471234987115978,1.2317882663156716,weak_channel,1
0.5546666666666666,0.6666666666666666,0.24816885434738412,5.012,15,0,0,0,residual_quarter,0.25,throughput,90301,1,1.3721407667412451e+19,7e5f4e81f0dc30d3b7eaa009e534de3bb51de4f539a89f186c0fe47dca20f0fd,2,0.9067393423669969,1.1308256274059982,0.7471234987115978,1.2317882663156716,weak_channel,1
0.5546666666666666,0.6666666666666666,0.23976774175461305,5.012,15,0,0,0,residual_quarter,0.25,semantic,90301,1,1.3721407667412451e+19,93225e5e6a39ba931730bdd0a01ce65e9bf5114dad4e9b8d5428329f05108c0a,2,0.9067393423669969,1.1308256274059982,0.7471234987115978,1.2317882663156716,weak_channel,1
0.5546666666666666,0.6666666666666666,0.24816885434738412,5.012,15,0,0,0,residual_idcal,0.5,throughput,90301,1,1.3721407667412451e+19,6dbd3c29d01c9a4e36b55cd52291914b264eadf0a5fb9f5faa9705bc5eebc6d9,2,0.9067393423669969,1.1308256274059982,0.7471234987115978,1.2317882663156716,weak_channel,1
0.5546666666666666,0.6666666666666666,0.23976774175461305,5.012,15,0,0,0,residual_idcal,0.5,semantic,90301,1,1.3721407667412451e+19,1a7e0d32f9f5fb57e0463512fd618eeab51d13ced19ff2a67ba3b9e34552e6a2,2,0.9067393423669969,1.1308256274059982,0.7471234987115978,1.2317882663156716,weak_channel,1
0.5546666666666666,0.6666666666666666,0.24816885434738412,5.012,15,0,0,0,residual_predictive,1.0,throughput,90301,1,1.3721407667412451e+19,404cce5154a9332d27cb39423a5497e6dedd172fa940f2f1438e3dda13a2396d,2,0.9067393423669969,1.1308256274059982,0.7471234987115978,1.2317882663156716,weak_channel,1
0.5546666666666666,0.6666666666666666,0.23976774175461305,5.012,15,0,0,0,residual_predictive,1.0,semantic,90301,1,1.3721407667412451e+19,35f87c249ef8aa9805475294db513b3b3836b454ce659be413bb15d4ad36b1f7,2,0.9067393423669969,1.1308256274059982,0.7471234987115978,1.2317882663156716,weak_channel,1
0.6069333333333334,0.0,0.5693378671550904,5.231999999999999,8,0,0,0,oracle,1.0,throughput,90302,0,1.111166259194247e+19,d5dc17caf7f1b9257c34a5d0b51f32ca2d68341bf84b8c050d31de36e465371c,11,1.288167489154255,1.0740305639932033,0.6433139811690349,1.1781099117788376,weak_channel,2
0.6069333333333334,0.0,0.5690644286606359,5.231999999999999,8,0,0,0,oracle,1.0,semantic,90302,0,1.111166259194247e+19,be2e6fe44b515bd0b003ce6a904ea4b5050d66a7e38997acdadb27997d56be5e,11,1.288167489154255,1.0740305639932033,0.6433139811690349,1.1781099117788376,weak_channel,2
0.6069333333333334,0.0,0.5693378671550904,5.231999999999999,8,0,0,0,mechanistic_calibrated,0.0,throughput,90302,0,1.111166259194247e+19,f12cfc43a5a5c52cca2d3320817a7cf54e3a2e69c797a82cf7e949c364c89692,11,1.288167489154255,1.0740305639932033,0.6433139811690349,1.1781099117788376,weak_channel,2
0.6069333333333334,0.0,0.5690644286606359,5.231999999999999,8,0,0,0,mechanistic_calibrated,0.0,semantic,90302,0,1.111166259194247e+19,593f2cd874a02d45552a90c60debdc03880916e082bf7f5bf8ac0036fb4fdd0b,11,1.288167489154255,1.0740305639932033,0.6433139811690349,1.1781099117788376,weak_channel,2
0.6069333333333334,0.0,0.5693378671550904,5.231999999999999,8,0,0,0,residual_quarter,0.25,throughput,90302,0,1.111166259194247e+19,65bd30f1ac1ac620317e67ab27a3b67ee71bd5887c1e3e2079ce74e6592c9ac0,11,1.288167489154255,1.0740305639932033,0.6433139811690349,1.1781099117788376,weak_channel,2
0.6069333333333334,0.0,0.5690644286606359,5.231999999999999,8,0,0,0,residual_quarter,0.25,semantic,90302,0,1.111166259194247e+19,9aeaba637aa08ef514b22f90be3f7c8df98edbd11ff5a3f764e5ba9a932809eb,11,1.288167489154255,1.0740305639932033,0.6433139811690349,1.1781099117788376,weak_channel,2
0.6069333333333334,0.0,0.5693378671550904,5.231999999999999,8,0,0,0,residual_idcal,0.5,throughput,90302,0,1.111166259194247e+19,eaac8957d518ce0599938cb506ef8932b7be9857a87d5b2f11b892ad74e6f4e2,11,1.288167489154255,1.0740305639932033,0.6433139811690349,1.1781099117788376,weak_channel,2
0.6069333333333334,0.0,0.5690644286606359,5.231999999999999,8,0,0,0,residual_idcal,0.5,semantic,90302,0,1.111166259194247e+19,ff8dda5d320d43eb801515fdcf5342ef2902e119d7291b248e80cfa68800fa04,11,1.288167489154255,1.0740305639932033,0.6433139811690349,1.1781099117788376,weak_channel,2
0.05410909090909092,0.0,0.7486091793793498,2.832,14,1,1,0,residual_predictive,1.0,throughput,90302,0,1.111166259194247e+19,934334fc4b5aff9569fd2188b2f41f334178a6c8cec129bf1e9dbc78015d80ed,16,1.288167489154255,1.0740305639932033,0.6433139811690349,1.1781099117788376,weak_channel,2
0.09651891891891892,0.0,0.7480657658854083,2.832,11,1,1,0,residual_predictive,1.0,semantic,90302,0,1.111166259194247e+19,66f3fb868fbd953f5ce7f4e5c2cdd544707df0be2126d722bd4903114ffce304,15,1.288167489154255,1.0740305639932033,0.6433139811690349,1.1781099117788376,weak_channel,2
0.7727127272727272,1.0,0.7887726014268454,15.075999999999999,34,0,2,0,oracle,1.0,throughput,90302,1,6.876335765401432e+18,d564f81e91be798c29bbaa149e6b1084cfd18f2348046073f67427a9598a7130,49,1.288167489154255,1.0740305639932033,0.6433139811690349,1.1781099117788376,weak_channel,2
0.8129551515151514,1.0,0.7772617945030498,15.255999999999998,34,0,2,0,oracle,1.0,semantic,90302,1,6.876335765401432e+18,72fa8fe86a0b3aeb46ad297356eb58cc95b9bd84d1a9546bb91310e7afded3ce,49,1.288167489154255,1.0740305639932033,0.6433139811690349,1.1781099117788376,weak_channel,2
0.8193651612903226,1.0,0.7513049962332463,15.075999999999999,30,0,2,0,mechanistic_calibrated,0.0,throughput,90302,1,6.876335765401432e+18,da9c991f13a6c7846d560cf21db543b0705212d78880508cce75e4c862872e51,51,1.288167489154255,1.0740305639932033,0.6433139811690349,1.1781099117788376,weak_channel,2
0.862203870967742,1.0,0.7684835842444203,15.255999999999998,30,0,2,0,mechanistic_calibrated,0.0,semantic,90302,1,6.876335765401432e+18,946a3318b59938e717c098109d6b25e0bc29659fa79225c49c4dcfc91173ab39,51,1.288167489154255,1.0740305639932033,0.6433139811690349,1.1781099117788376,weak_channel,2
0.6368699999999999,0.75,0.6322485963892397,16.476,32,0,2,0,residual_quarter,0.25,throughput,90302,1,6.876335765401432e+18,3e8052900d66ddfdc9e5f407eb6b8001dc054b12f0205c2f9d68781209aa83fb,49,1.288167489154255,1.0740305639932033,0.6433139811690349,1.1781099117788376,weak_channel,2
0.67837,0.75,0.6510212968687878,16.656,32,0,2,0,residual_quarter,0.25,semantic,90302,1,6.876335765401432e+18,ee1d2aeb73599d4453f8ee11e27711e4434ee5ddf8b65b636c4c91a3a703bf4b,49,1.288167489154255,1.0740305639932033,0.6433139811690349,1.1781099117788376,weak_channel,2
0.8193651612903226,1.0,0.5494172081420747,15.075999999999999,30,0,2,0,residual_idcal,0.5,throughput,90302,1,6.876335765401432e+18,d3e4cb9d6300cdbf63e842cf39b6c7615642eee36a17baaa416f7c8b0264db38,49,1.288167489154255,1.0740305639932033,0.6433139811690349,1.1781099117788376,weak_channel,2
0.862203870967742,1.0,0.5682038816289218,15.255999999999998,30,0,2,0,residual_idcal,0.5,semantic,90302,1,6.876335765401432e+18,a7623181f4016412b5a794c8b0d4a4151878ae2db60251e08d7485e03a32add6,49,1.288167489154255,1.0740305639932033,0.6433139811690349,1.1781099117788376,weak_channel,2
0.4359,0.5,0.26466692019362076,10.675999999999998,28,0,1,0,residual_predictive,1.0,throughput,90302,1,6.876335765401432e+18,752e9bb7fb2b6967a2edb08168c22be446a36e2abf1fb5b5455ea721c450866e,55,1.288167489154255,1.0740305639932033,0.6433139811690349,1.1781099117788376,weak_channel,2
0.47740000000000005,0.5,0.269844364697315,10.855999999999998,28,0,1,0,residual_predictive,1.0,semantic,90302,1,6.876335765401432e+18,bb427fce2ddf4dc1047ee53e7b6e67dd907afa3beeb0a7a9eba24da1a3fb4ccb,54,1.288167489154255,1.0740305639932033,0.6433139811690349,1.1781099117788376,weak_channel,2
0.8678916129032257,1.0,0.47661448804928297,7.591999999999999,15,0,1,0,oracle,1.0,throughput,90303,0,1.115315362731544e+19,ec35ba54e6cfdf84011fb847ac83c02d0b167d96cc55223d1b1417aafaf6abb1,9,0.8914056938651608,1.1286025729813278,0.7704505927986145,0.9264391612805718,weak_channel,3
0.8678916129032257,1.0,0.47001850690977665,7.591999999999999,15,0,1,0,oracle,1.0,semantic,90303,0,1.115315362731544e+19,92e5f10c8b6f031e927c201dd2cb27cda1a101205237e5e3ca4f8181a9e697e9,9,0.8914056938651608,1.1286025729813278,0.7704505927986145,0.9264391612805718,weak_channel,3
0.8678916129032257,1.0,0.47661448804928297,7.591999999999999,15,0,1,0,mechanistic_calibrated,0.0,throughput,90303,0,1.115315362731544e+19,f90bc3ff3f22432ca822a046f83f83637048b5d61769b4d992630606a53c70fb,9,0.8914056938651608,1.1286025729813278,0.7704505927986145,0.9264391612805718,weak_channel,3
0.8678916129032257,1.0,0.47001850690977665,7.591999999999999,15,0,1,0,mechanistic_calibrated,0.0,semantic,90303,0,1.115315362731544e+19,928d60482a8acfd43b60d40cec3222ad22508b9f538ed4846943c8ac9b330bd1,9,0.8914056938651608,1.1286025729813278,0.7704505927986145,0.9264391612805718,weak_channel,3
0.8678916129032257,1.0,0.47661448804928297,7.591999999999999,15,0,1,0,residual_quarter,0.25,throughput,90303,0,1.115315362731544e+19,4e8ddd83cc27cc42541feb0024f96c9101ea2ea995460a28e7c98412591708b4,9,0.8914056938651608,1.1286025729813278,0.7704505927986145,0.9264391612805718,weak_channel,3
0.8678916129032257,1.0,0.47001850690977665,7.591999999999999,15,0,1,0,residual_quarter,0.25,semantic,90303,0,1.115315362731544e+19,11d364772ca7f2df4f3ce709b38f69d9a78581d0647fd5a9b18d65bb489649ac,9,0.8914056938651608,1.1286025729813278,0.7704505927986145,0.9264391612805718,weak_channel,3
0.8678916129032257,1.0,0.47661448804928297,7.591999999999999,15,0,1,0,residual_idcal,0.5,throughput,90303,0,1.115315362731544e+19,47dbad6493a30e81e9a24b15dd9f0350ba769b7f5ce64f67911e45abea4b0efa,9,0.8914056938651608,1.1286025729813278,0.7704505927986145,0.9264391612805718,weak_channel,3
0.8678916129032257,1.0,0.47001850690977665,7.591999999999999,15,0,1,0,residual_idcal,0.5,semantic,90303,0,1.115315362731544e+19,db5c771f108f1c60084ecb084f588dcfc10fd0a296af499a84ca8c8f55228d60,9,0.8914056938651608,1.1286025729813278,0.7704505927986145,0.9264391612805718,weak_channel,3
0.9277462068965516,1.0,0.5645896278338307,7.591999999999999,13,0,1,0,residual_predictive,1.0,throughput,90303,0,1.115315362731544e+19,715a6ccc4d26fc4dbb10751557bd4fdefc4add96d4cf078756fb3b700b1fcc2c,11,0.8914056938651608,1.1286025729813278,0.7704505927986145,0.9264391612805718,weak_channel,3
0.9277462068965516,1.0,0.5577456942967547,7.591999999999999,13,0,1,0,residual_predictive,1.0,semantic,90303,0,1.115315362731544e+19,ecb14bc599824370d0c209936a53c097c13a7180fd53f141c133094698965b44,11,0.8914056938651608,1.1286025729813278,0.7704505927986145,0.9264391612805718,weak_channel,3
0.0975725714285714,0.0,0.37430148878082203,4.8,22,1,2,1,oracle,1.0,throughput,90303,1,1.5566653765793569e+19,fdab77131c40f3107e3df7e7586fc3a9808848fb46b7e4698c3ab915cc228440,39,0.8914056938651608,1.1286025729813278,0.7704505927986145,0.9264391612805718,weak_channel,3
0.531265306122449,1.0,0.8749209582167831,3.58,22,1,2,1,oracle,1.0,semantic,90303,1,1.5566653765793569e+19,e37a9bb5a03ef51bfc2332e71782aea89a6f868086be8783212fc4d79f2c7b38,39,0.8914056938651608,1.1286025729813278,0.7704505927986145,0.9264391612805718,weak_channel,3
0.39546610526315795,0.3333333333333333,1.1815352776776293,11.464,22,0,1,0,mechanistic_calibrated,0.0,throughput,90303,1,1.5566653765793569e+19,e36890fcac258d99da883d6d9eaf1fd388e453f0fe7900db2ff86f60ed5be879,29,0.8914056938651608,1.1286025729813278,0.7704505927986145,0.9264391612805718,weak_channel,3
0.39546610526315795,0.3333333333333333,1.167354027727996,11.464,22,0,1,0,mechanistic_calibrated,0.0,semantic,90303,1,1.5566653765793569e+19,457f444ba4eeb22c6e1011f26b0a0f142bb01872623333459c5a048fc063db51,29,0.8914056938651608,1.1286025729813278,0.7704505927986145,0.9264391612805718,weak_channel,3
0.48940689655172415,0.5,0.8751087858912949,10.244,22,0,1,0,residual_quarter,0.25,throughput,90303,1,1.5566653765793569e+19,37ef694822bf61dc626578acdcaf4f0bf8a04c30c98fb69739fa2e96bf911113,29,0.8914056938651608,1.1286025729813278,0.7704505927986145,0.9264391612805718,weak_channel,3
0.48940689655172415,0.5,0.8644164051465737,10.244,22,0,1,0,residual_quarter,0.25,semantic,90303,1,1.5566653765793569e+19,5c7fdcec8cd12c9f89fa7e7b763f295f4863a63de83692857e40f69f8ffd5adf,29,0.8914056938651608,1.1286025729813278,0.7704505927986145,0.9264391612805718,weak_channel,3
0.491873103448276,0.5,0.6307301283377674,10.064,22,0,1,0,residual_idcal,0.5,throughput,90303,1,1.5566653765793569e+19,1cd2025c447ce95db61059a5104281ec60677e3b2be2471fd2a746ae53e1c03a,29,0.8914056938651608,1.1286025729813278,0.7704505927986145,0.9264391612805718,weak_channel,3
0.491873103448276,0.5,0.6199130952603799,10.064,22,0,1,0,residual_idcal,0.5,semantic,90303,1,1.5566653765793569e+19,d0a60cf2525506408e250bdf584eecf04cbbb8a6d088985391f0f4e770d687d1,29,0.8914056938651608,1.1286025729813278,0.7704505927986145,0.9264391612805718,weak_channel,3
0.6459144827586207,0.75,0.5216097995597402,8.591999999999999,22,0,1,0,residual_predictive,1.0,throughput,90303,1,1.5566653765793569e+19,ed546319d86417bf50b140d38bc2eef4c92a044d67e9cbfa9a3b5017b454449c,28,0.8914056938651608,1.1286025729813278,0.7704505927986145,0.9264391612805718,weak_channel,3
0.6459144827586207,0.75,0.5137213123834485,8.591999999999999,22,0,1,0,residual_predictive,1.0,semantic,90303,1,1.5566653765793569e+19,6a5ce0301badd13b61382453a8eb2212ff207cf726dbbf45dffa93f5a01c1ea4,29,0.8914056938651608,1.1286025729813278,0.7704505927986145,0.9264391612805718,weak_channel,3
0.8420851612903227,1.0,0.15946740993023106,7.411999999999999,14,0,0,0,oracle,1.0,throughput,90304,0,1.5219793548549396e+18,e242721964fd14d5c1959398292f5a673de0016cfe89b936d98e800c278cf523,4,1.1674223379109092,1.2859653939363538,0.6574666233645843,1.0098301794409021,weak_channel,4
0.8420851612903227,1.0,0.15290314788733436,7.411999999999999,14,0,0,0,oracle,1.0,semantic,90304,0,1.5219793548549396e+18,015cfb5046ae64219f78dca6f38e97339d75a0239a551ebb9434532e8f08388e,4,1.1674223379109092,1.2859653939363538,0.6574666233645843,1.0098301794409021,weak_channel,4
0.5323767741935486,0.5,0.2120360350434759,8.632,14,0,0,0,mechanistic_calibrated,0.0,throughput,90304,0,1.5219793548549396e+18,f5a8076ce485fdbdb694af67b1c3e643d12edb7700cb3dcc5609177e257859aa,4,1.1674223379109092,1.2859653939363538,0.6574666233645843,1.0098301794409021,weak_channel,4
0.5323767741935486,0.5,0.20550730805067022,8.632,14,0,0,0,mechanistic_calibrated,0.0,semantic,90304,0,1.5219793548549396e+18,a373120c16e68c1a279dc716dee4f7b00e53274b1cac5f399c2c43ab29be690d,4,1.1674223379109092,1.2859653939363538,0.6574666233645843,1.0098301794409021,weak_channel,4
0.5323767741935486,0.5,0.2120360350434759,8.632,14,0,0,0,residual_quarter,0.25,throughput,90304,0,1.5219793548549396e+18,d2a99ac02912213fe90844bacbe4f46ed259522c47544ff9b73966af9f46e4a5,4,1.1674223379109092,1.2859653939363538,0.6574666233645843,1.0098301794409021,weak_channel,4
0.5323767741935486,0.5,0.20550730805067022,8.632,14,0,0,0,residual_quarter,0.25,semantic,90304,0,1.5219793548549396e+18,76ed260c902efb87976bd94b63375f28bc682d86cce217d1cd8bcaa5ab982b0b,4,1.1674223379109092,1.2859653939363538,0.6574666233645843,1.0098301794409021,weak_channel,4
0.5323767741935486,0.5,0.2120360350434759,8.632,14,0,0,0,residual_idcal,0.5,throughput,90304,0,1.5219793548549396e+18,b10c24e454ae6bcd6fba4c17a071a945354e507183f049cc426f0656bf71bc50,4,1.1674223379109092,1.2859653939363538,0.6574666233645843,1.0098301794409021,weak_channel,4
0.5323767741935486,0.5,0.20550730805067022,8.632,14,0,0,0,residual_idcal,0.5,semantic,90304,0,1.5219793548549396e+18,34cfae28cf4de1a8f5ce1e7d234addb971d3753a776bdeb1f83273df61ebd107,4,1.1674223379109092,1.2859653939363538,0.6574666233645843,1.0098301794409021,weak_channel,4
0.5323767741935486,0.5,0.2120360350434759,8.632,14,0,0,0,residual_predictive,1.0,throughput,90304,0,1.5219793548549396e+18,af78f35f12e5dd7e3213b55602daadc2c0a3c314a976b7c4da18428e6d9b0efd,4,1.1674223379109092,1.2859653939363538,0.6574666233645843,1.0098301794409021,weak_channel,4
0.5323767741935486,0.5,0.20550730805067022,8.632,14,0,0,0,residual_predictive,1.0,semantic,90304,0,1.5219793548549396e+18,07c5eea168c755e0d288f9a1d0d6517f4ff738a8a8d5f65acfcec74c90371782,4,1.1674223379109092,1.2859653939363538,0.6574666233645843,1.0098301794409021,weak_channel,4
0.3670786813186813,0.3333333333333333,0.8605879670037134,8.632,20,0,2,0,oracle,1.0,throughput,90304,1,4.797860299857544e+18,1a3cba2a552b5c628fb743fea39e8b8ec4704dc42aa95491affb4cfac98b0917,41,1.1674223379109092,1.2859653939363538,0.6574666233645843,1.0098301794409021,weak_channel,4
0.681086896551724,0.75,0.4488280741708882,8.771999999999998,23,0,2,0,oracle,1.0,semantic,90304,1,4.797860299857544e+18,92f6c75f563064d20d96aa85062abc04b10efbcc9e6cf23f88cdaaaf5b008d0c,38,1.1674223379109092,1.2859653939363538,0.6574666233645843,1.0098301794409021,weak_channel,4
0.7487735172413794,0.8,0.9442876183659192,14.644,29,0,1,0,mechanistic_calibrated,0.0,throughput,90304,1,4.797860299857544e+18,812500241f8f20e4291369fa45a269326132dd4dbdb944bbc5d69f9bf0f8c1d0,46,1.1674223379109092,1.2859653939363538,0.6574666233645843,1.0098301794409021,weak_channel,4
0.681086896551724,0.75,0.5268483902954963,8.771999999999998,23,0,2,0,mechanistic_calibrated,0.0,semantic,90304,1,4.797860299857544e+18,8c8a7c692943d3d6f1ba8578364593001f403ea137092345cddc6af09fbb3519,40,1.1674223379109092,1.2859653939363538,0.6574666233645843,1.0098301794409021,weak_channel,4
0.5521390344827587,0.6,0.9370333351232477,13.464,28,0,1,0,residual_quarter,0.25,throughput,90304,1,4.797860299857544e+18,9ae5eaede03b051a7a360f2415101df15fc1607aaa5ef8109c02c5ae3bca6608,47,1.1674223379109092,1.2859653939363538,0.6574666233645843,1.0098301794409021,weak_channel,4
0.3793339007092199,0.4,0.611399186804287,7.231999999999999,23,0,1,0,residual_quarter,0.25,semantic,90304,1,4.797860299857544e+18,78833a319119208bbae5b26d93ec7106c57c57fccdcae819af64f4cfc81b1661,47,1.1674223379109092,1.2859653939363538,0.6574666233645843,1.0098301794409021,weak_channel,4
0.4150024827586207,0.4,0.9151394900715983,12.464,27,0,1,0,residual_idcal,0.5,throughput,90304,1,4.797860299857544e+18,11a453476b9182f286ab2430cf2b62692086419f56858f80fc781b1b34678fcc,46,1.1674223379109092,1.2859653939363538,0.6574666233645843,1.0098301794409021,weak_channel,4
0.25766620689655173,0.25,0.7934661680742346,6.231999999999999,20,0,1,0,residual_idcal,0.5,semantic,90304,1,4.797860299857544e+18,7d5de9cace9f153d89e28fb77d3018ac5cbc2da4c4a79757a737bc4fd58cedd6,50,1.1674223379109092,1.2859653939363538,0.6574666233645843,1.0098301794409021,weak_channel,4
0.4220368794326242,0.4,0.6309963893578348,10.675999999999998,24,0,1,0,residual_predictive,1.0,throughput,90304,1,4.797860299857544e+18,0d4f99619da0027c44a361aa329b2dc03b88b82530a2656a921a8cb618a97b09,49,1.1674223379109092,1.2859653939363538,0.6574666233645843,1.0098301794409021,weak_channel,4
0.24012255319148937,0.2,0.9529453737431444,9.064,23,0,1,0,residual_predictive,1.0,semantic,90304,1,4.797860299857544e+18,2b33f70a70bc651eeb85d2ea5a4b4df3fdda6384f72582c7fc8bd44ca00fb0e2,47,1.1674223379109092,1.2859653939363538,0.6574666233645843,1.0098301794409021,weak_channel,4
