goal_utility_ratio,critical_success_rate,mean_latency,energy,events,outages,handovers,reroutes,model,trust,policy,scenario,replicate,seed,final_hash,thinning_rejections,regime,scenario_mobility,scenario_stress,scenario_channel,scenario_demand
0.5399999999999999,0.75,0.4679052661337173,3.54,24,0,2,0,mechanistic_calibrated,0.0,semantic,5100,0,1.7951187171614538e+19,fea0007726ce996851be1f76334d7da3d63403c7d97e7c8f69dabfdba8fc4663,34,high_mobility,1.7859638894910563,1.0790265245571602,1.0506379877215897,1.133462311526767
0.5470967741935484,0.75,0.4781421477713901,3.3599999999999994,24,0,2,0,mechanistic_calibrated,0.0,throughput,5100,0,1.7951187171614538e+19,32a25b3012a99d18f48a0d1f9f4bab09e807068cb098495efff1674a3eaced06,34,high_mobility,1.7859638894910563,1.0790265245571602,1.0506379877215897,1.133462311526767
0.5699354838709677,0.75,0.5451811142867033,5.94,25,0,2,0,oracle,1.0,semantic,5100,0,1.7951187171614538e+19,85a5ce13605129e6415d62032857cdd2ed8b6ea060837f72f22a8010a3bf4d40,35,high_mobility,1.7859638894910563,1.0790265245571602,1.0506379877215897,1.133462311526767
0.5653333333333334,0.75,0.4781421477713901,3.3599999999999994,23,0,2,0,oracle,1.0,throughput,5100,0,1.7951187171614538e+19,fb0f01736a9fd278215ede00f2466e9757cc7793b04f5c5f5bfc75e0cd3dc86b,33,high_mobility,1.7859638894910563,1.0790265245571602,1.0506379877215897,1.133462311526767
0.7048421052631577,1.0,0.5212187367428972,3.54,21,0,2,0,residual_idcal,0.5,semantic,5100,0,1.7951187171614538e+19,beeddee5afb62de8eee8189d142e7de5b4ee79f0e6734fa68b806e1e1902d6c4,29,high_mobility,1.7859638894910563,1.0790265245571602,1.0506379877215897,1.133462311526767
0.6651674074074074,0.75,0.5153404680095363,5.58,17,0,2,0,residual_idcal,0.5,throughput,5100,0,1.7951187171614538e+19,e8cafe6052a2f436683bb5a46698573625822a1f6fb91c246117431cc8cfbf03,10,high_mobility,1.7859638894910563,1.0790265245571602,1.0506379877215897,1.133462311526767
0.6822892307692308,0.75,0.6173533443602461,5.76,16,0,2,0,residual_predictive,1.0,semantic,5100,0,1.7951187171614538e+19,47eb39860cfa3a22ad09b9e3634c79ae2637f00d4ee74ba4e9ee19f936a6df58,13,high_mobility,1.7859638894910563,1.0790265245571602,1.0506379877215897,1.133462311526767
0.6907507692307693,0.75,0.6051925334172239,5.58,16,0,2,0,residual_predictive,1.0,throughput,5100,0,1.7951187171614538e+19,5ea745fbc28d8208f77c4004bc4e2093bc67d04924e2ffd60e429914d191f90a,13,high_mobility,1.7859638894910563,1.0790265245571602,1.0506379877215897,1.133462311526767
0.7048421052631577,1.0,0.5212187367428972,3.54,21,0,2,0,residual_quarter,0.25,semantic,5100,0,1.7951187171614538e+19,53a2700980ea9a9e8da9345ee705cbf290f21f11616e1c4a462478c6a669f796,29,high_mobility,1.7859638894910563,1.0790265245571602,1.0506379877215897,1.133462311526767
0.5470967741935484,0.75,0.4781421477713901,3.3599999999999994,24,0,2,0,residual_quarter,0.25,throughput,5100,0,1.7951187171614538e+19,0f8008d56e268a05303e14d8ab5d060d723d5008f537784b6bc7031a4f73d7c0,34,high_mobility,1.7859638894910563,1.0790265245571602,1.0506379877215897,1.133462311526767
0.5966141935483871,0.75,1.1741696204113394,11.992,30,0,3,0,mechanistic_calibrated,0.0,semantic,5100,1,2.9697217254898217e+18,c59a1071c51b373c997d9b2e95583080f53467f4e2ff1f708ee858a65db284b3,47,high_mobility,1.7859638894910563,1.0790265245571602,1.0506379877215897,1.133462311526767
0.5593227184466019,0.6666666666666666,1.1975015053153075,13.392,30,0,3,0,mechanistic_calibrated,0.0,throughput,5100,1,2.9697217254898217e+18,2f3e061e9d58ecb834bea2d860f79745efe52645d18fb615742a72f7c79481d5,46,high_mobility,1.7859638894910563,1.0790265245571602,1.0506379877215897,1.133462311526767
0.8070118681318681,1.0,0.5181048499079332,5.76,20,0,2,0,oracle,1.0,semantic,5100,1,2.9697217254898217e+18,8827d5afeb9fe192f52e9343c178e5073498a61002e553c978ba6d73d6e6fd7e,12,high_mobility,1.7859638894910563,1.0790265245571602,1.0506379877215897,1.133462311526767
0.8070118681318681,1.0,0.5306170447644176,5.76,20,0,2,0,oracle,1.0,throughput,5100,1,2.9697217254898217e+18,8b640e053667a88ca77720d13589a3b706d1c7ce8fb6cc1294c480e9d8408043,12,high_mobility,1.7859638894910563,1.0790265245571602,1.0506379877215897,1.133462311526767
0.0259839999999999,0.0,0.9370370834550898,3.58,22,0,2,0,residual_idcal,0.5,semantic,5100,1,2.9697217254898217e+18,e43f94c8212dd3d43d59ca5fb902326a5ab18a0f3faed528fd01f41957be06d9,35,high_mobility,1.7859638894910563,1.0790265245571602,1.0506379877215897,1.133462311526767
0.0259839999999999,0.0,0.9403530583902072,3.58,22,0,2,0,residual_idcal,0.5,throughput,5100,1,2.9697217254898217e+18,da13c0ab3861cfeb1bceb34d50136b6666d4d249487c9221fab25114be5746c9,34,high_mobility,1.7859638894910563,1.0790265245571602,1.0506379877215897,1.133462311526767
0.6672937931034483,0.75,0.4801791031394131,8.591999999999999,23,0,2,0,residual_predictive,1.0,semantic,5100,1,2.9697217254898217e+18,0596c14006101122ab2f165743a01bcd7151a5fe9d3817302b2ebb615b7c0c51,12,high_mobility,1.7859638894910563,1.0790265245571602,1.0506379877215897,1.133462311526767
0.6672937931034483,0.75,0.4909384780525169,8.591999999999999,23,0,2,0,residual_predictive,1.0,throughput,5100,1,2.9697217254898217e+18,ed87c8c30e97c04f3bcecbcc9a507b97495eaa20c63c0a32a67105b8d28cbf91,12,high_mobility,1.7859638894910563,1.0790265245571602,1.0506379877215897,1.133462311526767
0.5966141935483871,0.75,1.1741696204113394,11.992,30,0,3,0,residual_quarter,0.25,semantic,5100,1,2.9697217254898217e+18,ea57eccf594464b89ea5c0842c1783f69cb56daa14e4e767c86cdab18d6e2143,47,high_mobility,1.7859638894910563,1.0790265245571602,1.0506379877215897,1.133462311526767
0.5593227184466019,0.6666666666666666,1.1975015053153075,13.392,30,0,3,0,residual_quarter,0.25,throughput,5100,1,2.9697217254898217e+18,499017008f5fa80c87947272eb9ef83b92a7fe2c469221d693c0d9310a5b0894,46,high_mobility,1.7859638894910563,1.0790265245571602,1.0506379877215897,1.133462311526767
0.8876940659340659,1.0,0.3625759312898285,13.824,21,0,0,0,mechanistic_calibrated,0.0,semantic,5101,0,9.064208995445933e+18,9b44751b685e164e1b44fcab69f09b055f987cfcd5c14443cfae453795eefa7b,14,high_mobility,1.746984056712194,1.2394372516510286,0.9645713655665716,0.9932850205710206
0.8876940659340659,1.0,0.366680147614128,13.824,21,0,0,0,mechanistic_calibrated,0.0,throughput,5101,0,9.064208995445933e+18,0cf91242b2e9bcde7678ea078b5e3491f168509f2321d4c303eea19a4f861f06,14,high_mobility,1.746984056712194,1.2394372516510286,0.9645713655665716,0.9932850205710206
0.8073761616161615,1.0,0.2577298919045361,13.392,24,0,0,0,oracle,1.0,semantic,5101,0,9.064208995445933e+18,e1d6f0ac5ff7d9997e01009ba0ffe5ec45bf79a717dee712788dbac15a1fac5f,9,high_mobility,1.746984056712194,1.2394372516510286,0.9645713655665716,0.9932850205710206
0.8413709473684211,1.0,0.2616007372885338,13.392,23,0,0,0,oracle,1.0,throughput,5101,0,9.064208995445933e+18,c177f7d6fc209e41c520e91b58f6d2c6a958f0dc99234fb5f954bb6907bbff23,9,high_mobility,1.746984056712194,1.2394372516510286,0.9645713655665716,0.9932850205710206
0.8876940659340659,1.0,0.3625759312898285,13.824,21,0,0,0,residual_idcal,0.5,semantic,5101,0,9.064208995445933e+18,af70034d30b29dcde4cc8d845ceb1bc44a2f0b41fc0a54587afacced75ff1c71,14,high_mobility,1.746984056712194,1.2394372516510286,0.9645713655665716,0.9932850205710206
0.8876940659340659,1.0,0.366680147614128,13.824,21,0,0,0,residual_idcal,0.5,throughput,5101,0,9.064208995445933e+18,91a441d4c195906656365f537808333bd1eadba33be7a4223dba2788a969b548,14,high_mobility,1.746984056712194,1.2394372516510286,0.9645713655665716,0.9932850205710206
0.8159612121212121,1.0,0.2577298919045361,13.824,24,0,0,0,residual_predictive,1.0,semantic,5101,0,9.064208995445933e+18,e6fa2947fe1b21362c74ec58750466014be96bce3608678e8ce88153dfb89d4d,9,high_mobility,1.746984056712194,1.2394372516510286,0.9645713655665716,0.9932850205710206
0.8503174736842106,1.0,0.2616007372885338,13.824,23,0,0,0,residual_predictive,1.0,throughput,5101,0,9.064208995445933e+18,7343556e2d6fd43a5679c671c8991dbd21b640660972880b8b9312268c217e2f,9,high_mobility,1.746984056712194,1.2394372516510286,0.9645713655665716,0.9932850205710206
0.8876940659340659,1.0,0.3625759312898285,13.824,21,0,0,0,residual_quarter,0.25,semantic,5101,0,9.064208995445933e+18,e04255e163f4907e4c12c43efdefdbd96acc2705633cb5a83150f63caf79a6d6,14,high_mobility,1.746984056712194,1.2394372516510286,0.9645713655665716,0.9932850205710206
0.8876940659340659,1.0,0.366680147614128,13.824,21,0,0,0,residual_quarter,0.25,throughput,5101,0,9.064208995445933e+18,bfd156527e67254270d288cd6091e89bb1c9d0e30dcd1edc926bcbe61c0ef460,14,high_mobility,1.746984056712194,1.2394372516510286,0.9645713655665716,0.9932850205710206
0.3552780487804878,0.0,0.5779967116314153,10.464,16,0,2,0,mechanistic_calibrated,0.0,semantic,5101,1,4.5963887835735475e+18,6579cfbbe5e5df4f0794fcda849fe3d3bd36540da05fc0609db0f9bd5605f737,13,high_mobility,1.746984056712194,1.2394372516510286,0.9645713655665716,0.9932850205710206
0.3552780487804878,0.0,0.5783478153794017,10.464,16,0,2,0,mechanistic_calibrated,0.0,throughput,5101,1,4.5963887835735475e+18,13dbbfd50ba6f6028942282704394b492b6f5defb641168c94e8032424a85c6b,13,high_mobility,1.746984056712194,1.2394372516510286,0.9645713655665716,0.9932850205710206
0.2443377777777777,0.0,0.1664224775683515,7.632,17,0,2,0,oracle,1.0,semantic,5101,1,4.5963887835735475e+18,98133112250649ee827d27596498e57caa2aaa96889cc3b8aee6168bbe41d0ba,24,high_mobility,1.746984056712194,1.2394372516510286,0.9645713655665716,0.9932850205710206
0.2443377777777777,0.0,0.1669378776312598,7.632,17,0,2,0,oracle,1.0,throughput,5101,1,4.5963887835735475e+18,02bb9d4b3e74d8653ec29a5fbb06755fc4f66047dcb606360f96393f80f53df0,24,high_mobility,1.746984056712194,1.2394372516510286,0.9645713655665716,0.9932850205710206
0.2443377777777777,0.0,0.1664224775683515,7.632,17,0,2,0,residual_idcal,0.5,semantic,5101,1,4.5963887835735475e+18,2374c7f9b86537dd7e416f8725b3fc71403154af00029c7932d5645952c535fb,24,high_mobility,1.746984056712194,1.2394372516510286,0.9645713655665716,0.9932850205710206
0.2443377777777777,0.0,0.1669378776312598,7.632,17,0,2,0,residual_idcal,0.5,throughput,5101,1,4.5963887835735475e+18,35c471e847e2174e46204e8e2049b01e6cd989658cf9490c37a26e3c85284e6d,24,high_mobility,1.746984056712194,1.2394372516510286,0.9645713655665716,0.9932850205710206
0.2443377777777777,0.0,0.1536346620156156,7.632,17,0,2,0,residual_predictive,1.0,semantic,5101,1,4.5963887835735475e+18,a0c1c73e2394b6b4eb2a3f8a4e13a5773cf015e34f37f9db9c892a805e7ada94,24,high_mobility,1.746984056712194,1.2394372516510286,0.9645713655665716,0.9932850205710206
0.2443377777777777,0.0,0.1541315829139679,7.632,17,0,2,0,residual_predictive,1.0,throughput,5101,1,4.5963887835735475e+18,90392c925e554eef9b35470e75f48095e23e149509b87b1d4265786760d80a83,24,high_mobility,1.746984056712194,1.2394372516510286,0.9645713655665716,0.9932850205710206
0.3552780487804878,0.0,0.5779967116314153,10.464,16,0,2,0,residual_quarter,0.25,semantic,5101,1,4.5963887835735475e+18,0790ac326617a4a6b88236d4216ee56659c85dbab64fda51990380e45b4e506b,13,high_mobility,1.746984056712194,1.2394372516510286,0.9645713655665716,0.9932850205710206
0.3552780487804878,0.0,0.5783478153794017,10.464,16,0,2,0,residual_quarter,0.25,throughput,5101,1,4.5963887835735475e+18,c350f5a7ff2f24b64abceda3c8dc8d105bfc954b7693c61a22186650aea495f1,13,high_mobility,1.746984056712194,1.2394372516510286,0.9645713655665716,0.9932850205710206
0.6131612903225806,0.75,0.6460592617598565,11.855999999999998,26,0,0,0,mechanistic_calibrated,0.0,semantic,5102,0,9.734158161503863e+18,2cfbdef3b90bbae5d444b63c06a29c0bac72a0f2a5240367f450b78d465a85ec,29,high_mobility,1.6558578295769482,0.9563477568791684,0.931632875182175,1.1524786204767044
0.5562580645161289,0.75,0.2692488386198112,8.411999999999999,25,0,0,0,mechanistic_calibrated,0.0,throughput,5102,0,9.734158161503863e+18,8ae0e808a8cec02d4dac0dd8335486df9972257cdfbd562a449296d4e347172d,31,high_mobility,1.6558578295769482,0.9563477568791684,0.931632875182175,1.1524786204767044
0.5562580645161289,0.75,0.2597313599950618,8.411999999999999,25,0,0,0,oracle,1.0,semantic,5102,0,9.734158161503863e+18,4b575edb0153ece658f4870debdd66dc63ee5b098928bde47f7fe1b2baf86e1b,32,high_mobility,1.6558578295769482,0.9563477568791684,0.931632875182175,1.1524786204767044
0.5562580645161289,0.75,0.2692488386198112,8.411999999999999,25,0,0,0,oracle,1.0,throughput,5102,0,9.734158161503863e+18,2b51944af35c7e740ed526da66893253ec99f76344771eb680dc0420cec4540c,31,high_mobility,1.6558578295769482,0.9563477568791684,0.931632875182175,1.1524786204767044
0.5747999999999999,0.75,0.2239451127352752,8.411999999999999,23,0,0,0,residual_idcal,0.5,semantic,5102,0,9.734158161503863e+18,d4d7260aa92b5aca265e1a7571468356526b4344c66728bb48a3c8d9eb0ed7c2,29,high_mobility,1.6558578295769482,0.9563477568791684,0.931632875182175,1.1524786204767044
0.5747999999999999,0.75,0.228607259599096,8.411999999999999,23,0,0,0,residual_idcal,0.5,throughput,5102,0,9.734158161503863e+18,213d4770179b7176c092e42da6ebf7be35d017af346275c555d213449ebd9bc9,28,high_mobility,1.6558578295769482,0.9563477568791684,0.931632875182175,1.1524786204767044
0.6063070967741935,0.75,0.6364240740711875,11.424,26,0,0,0,residual_predictive,1.0,semantic,5102,0,9.734158161503863e+18,4e087b915490554cf62357405ce237e754860502ba8db6b8f821b4de1b72c75e,25,high_mobility,1.6558578295769482,0.9563477568791684,0.931632875182175,1.1524786204767044
0.5747999999999999,0.75,0.228607259599096,8.411999999999999,23,0,0,0,residual_predictive,1.0,throughput,5102,0,9.734158161503863e+18,4d91a45ff2a86104d2cf7d5d396ce9312775109af22aa8b995a91ff46b4c1aa4,28,high_mobility,1.6558578295769482,0.9563477568791684,0.931632875182175,1.1524786204767044
0.5562580645161289,0.75,0.2597313599950618,8.411999999999999,25,0,0,0,residual_quarter,0.25,semantic,5102,0,9.734158161503863e+18,584b6564cb0f50254fcb2a73735c1bf9aea4b2bf4d78f85cbcac1e90623ad633,32,high_mobility,1.6558578295769482,0.9563477568791684,0.931632875182175,1.1524786204767044
0.5562580645161289,0.75,0.2692488386198112,8.411999999999999,25,0,0,0,residual_quarter,0.25,throughput,5102,0,9.734158161503863e+18,221fd54751f9c00f1b70a551f59d22edf07afffbd8d19e5275e9007ad01d464c,31,high_mobility,1.6558578295769482,0.9563477568791684,0.931632875182175,1.1524786204767044
0.2845866666666666,0.0,0.5428529944515535,4.8,14,0,0,0,mechanistic_calibrated,0.0,semantic,5102,1,1.4849362665204797e+19,0543e21afb589c1ce75f9a5098b8299197b12613a9797eb62c8eb93beb71d4b9,31,high_mobility,1.6558578295769482,0.9563477568791684,0.931632875182175,1.1524786204767044
0.2845866666666666,0.0,0.543493609258403,4.8,14,0,0,0,mechanistic_calibrated,0.0,throughput,5102,1,1.4849362665204797e+19,29c999059924c79fcdbcc9a805198cbfd2a1f67f6b8e9e3b09a3440b4d7da868,31,high_mobility,1.6558578295769482,0.9563477568791684,0.931632875182175,1.1524786204767044
0.2845866666666666,0.0,0.5428529944515535,4.8,14,0,0,0,oracle,1.0,semantic,5102,1,1.4849362665204797e+19,d1c9814e218ffa1339035e1575bb3b4eede90dda7481907f00d0b1176162a226,31,high_mobility,1.6558578295769482,0.9563477568791684,0.931632875182175,1.1524786204767044
0.2845866666666666,0.0,0.543493609258403,4.8,14,0,0,0,oracle,1.0,throughput,5102,1,1.4849362665204797e+19,a2f04ef41cc191eb03f8163953498ae3f7b4b4918c27d4eea0668b6157fb3969,31,high_mobility,1.6558578295769482,0.9563477568791684,0.931632875182175,1.1524786204767044
0.2845866666666666,0.0,0.5428529944515535,4.8,14,0,0,0,residual_idcal,0.5,semantic,5102,1,1.4849362665204797e+19,7ecf3a5a51d618d71b56cad47068cfcd0aab43c93cb44ac52afb0e52eb408150,31,high_mobility,1.6558578295769482,0.9563477568791684,0.931632875182175,1.1524786204767044
0.2845866666666666,0.0,0.543493609258403,4.8,14,0,0,0,residual_idcal,0.5,throughput,5102,1,1.4849362665204797e+19,7b0d67367c9f8bad7c175a859e9725b277417e8ec36bef18e2b85a212e2789a5,31,high_mobility,1.6558578295769482,0.9563477568791684,0.931632875182175,1.1524786204767044
0.3093333333333333,0.0,0.6636495415058254,2.4,7,0,0,0,residual_predictive,1.0,semantic,5102,1,1.4849362665204797e+19,956644dc367dd6ddf830619ae65919c70e0849f11e7e38a52c87c736621e4212,28,high_mobility,1.6558578295769482,0.9563477568791684,0.931632875182175,1.1524786204767044
0.3093333333333333,0.0,0.664419192163803,2.4,7,0,0,0,residual_predictive,1.0,throughput,5102,1,1.4849362665204797e+19,4c68b35d6e08eb4c6b03d1096085651136ac6e6901fe4e85f24f64568c2888fa,28,high_mobility,1.6558578295769482,0.9563477568791684,0.931632875182175,1.1524786204767044
0.2845866666666666,0.0,0.5428529944515535,4.8,14,0,0,0,residual_quarter,0.25,semantic,5102,1,1.4849362665204797e+19,0ab540d38b55f44b3d34425acaf768c23bd50f372b82bd04d32339ffe7bb41ac,31,high_mobility,1.6558578295769482,0.9563477568791684,0.931632875182175,1.1524786204767044
0.2845866666666666,0.0,0.543493609258403,4.8,14,0,0,0,residual_quarter,0.25,throughput,5102,1,1.4849362665204797e+19,aaa517af34954948fc43fa8f4770fe10e73d4cf2eea6e065b49f7662e2a4823e,31,high_mobility,1.6558578295769482,0.9563477568791684,0.931632875182175,1.1524786204767044
0.7985777777777778,1.0,0.2058269004564906,8.38,16,0,0,0,mechanistic_calibrated,0.0,semantic,5103,0,5.490058643066399e+18,71e37cf7c0d24d9f260dde7408fc1f8f324bd7ecb8cdcb2a9a88d4a858b04260,23,high_mobility,1.8851364490510512,1.166828327869175,0.946500317902754,1.1606904604270611
0.8115641379310344,1.0,0.4059119978803324,7.979999999999999,19,0,2,0,mechanistic_calibrated,0.0,throughput,5103,0,5.490058643066399e+18,52fd5412d7e0c183a993629dcb43a59a73ed919c382968c6c94f1ef4095d1146,7,high_mobility,1.8851364490510512,1.166828327869175,0.946500317902754,1.1606904604270611
0.1860266666666667,0.0,0.952106146554739,11.212,24,0,1,0,oracle,1.0,semantic,5103,0,5.490058643066399e+18,a9d4fa1cf91e01c53c8a8cfa81bc513d0d60e8f1e02e797a52931a892dbf5a2a,29,high_mobility,1.8851364490510512,1.166828327869175,0.946500317902754,1.1606904604270611
0.1860266666666667,0.0,0.9719919514343556,11.212,24,0,1,0,oracle,1.0,throughput,5103,0,5.490058643066399e+18,e0dd44b7ff55e3e1cd684ef6a31de33bab24de4a3bf187edac4013c33e30e54c,29,high_mobility,1.8851364490510512,1.166828327869175,0.946500317902754,1.1606904604270611
0.45128,0.5,0.6006202797512706,11.96,33,0,1,0,residual_idcal,0.5,semantic,5103,0,5.490058643066399e+18,597322ebd5e3b9c03f48dde27170e6d00f1104722a5f717a17fdbb51253bab6c,44,high_mobility,1.8851364490510512,1.166828327869175,0.946500317902754,1.1606904604270611
0.8115641379310344,1.0,0.2785652635372561,7.979999999999999,19,0,2,0,residual_idcal,0.5,throughput,5103,0,5.490058643066399e+18,047261f5922953734440c3829295b85fef73eb9243fecbf8cfa99a99c8103f2a,7,high_mobility,1.8851364490510512,1.166828327869175,0.946500317902754,1.1606904604270611
0.4282584615384616,0.5,0.9573453060583336,12.212,26,0,2,0,residual_predictive,1.0,semantic,5103,0,5.490058643066399e+18,d2758fe606f6d3092dd47b918c97ed3e7bb443ada83905d96581862b9ffe8e78,44,high_mobility,1.8851364490510512,1.166828327869175,0.946500317902754,1.1606904604270611
0.1816943589743589,0.0,0.8690227049999756,11.464,32,2,1,4,residual_predictive,1.0,throughput,5103,0,5.490058643066399e+18,0c4fdb20084b317fdb3fa4b8c67d88fdedb34cfa1330e5907d8a54c0f49b8bf9,39,high_mobility,1.8851364490510512,1.166828327869175,0.946500317902754,1.1606904604270611
0.7985777777777778,1.0,0.2058269004564906,8.38,16,0,0,0,residual_quarter,0.25,semantic,5103,0,5.490058643066399e+18,8847e50040b0174acb2d6dedc08ef5cef116a2417f6edc182cdab909071fa831,23,high_mobility,1.8851364490510512,1.166828327869175,0.946500317902754,1.1606904604270611
0.8115641379310344,1.0,0.2785652635372561,7.979999999999999,19,0,2,0,residual_quarter,0.25,throughput,5103,0,5.490058643066399e+18,b73d4ce8600419b21c0c5a68e0b061c107f36adc147fc6265bf86b6dc8522b4c,7,high_mobility,1.8851364490510512,1.166828327869175,0.946500317902754,1.1606904604270611
0.6295840000000001,0.75,0.6565733222366887,7.98,25,0,2,0,mechanistic_calibrated,0.0,semantic,5103,1,1.0010455502370636e+19,7f7ac4e010aaefe05a38c1e41c43f496cc16735926a85081ff6e811eb7e43d99,23,high_mobility,1.8851364490510512,1.166828327869175,0.946500317902754,1.1606904604270611
0.6295840000000001,0.75,0.6717964647904108,7.98,25,0,2,0,mechanistic_calibrated,0.0,throughput,5103,1,1.0010455502370636e+19,74a3cc87c619e597de0f1a9b40516fc84164687a61cd8d2e05e07eb2cbb7a172,22,high_mobility,1.8851364490510512,1.166828327869175,0.946500317902754,1.1606904604270611
0.6632206451612904,0.75,0.4359869589278763,13.212000000000002,30,0,3,0,oracle,1.0,semantic,5103,1,1.0010455502370636e+19,eab587b57cb76203533ca68b136f93b6b4011434113519f6f5a8b0dd4cd913dc,17,high_mobility,1.8851364490510512,1.166828327869175,0.946500317902754,1.1606904604270611
0.6632206451612904,0.75,0.4492124673440511,13.212000000000002,30,0,3,0,oracle,1.0,throughput,5103,1,1.0010455502370636e+19,77232d6fa2bb35746310ffefdeafbfe2d0b985032d3e1b34deb710bb76dad80d,16,high_mobility,1.8851364490510512,1.166828327869175,0.946500317902754,1.1606904604270611
0.5986506666666668,0.75,0.6565856880173909,7.98,25,0,2,0,residual_idcal,0.5,semantic,5103,1,1.0010455502370636e+19,7e0f1aaf8f755e81f51c3570f1c164129336276024b8df5598fbd4f4b69098f4,23,high_mobility,1.8851364490510512,1.166828327869175,0.946500317902754,1.1606904604270611
0.5986506666666668,0.75,0.6718438361739804,7.98,25,0,2,0,residual_idcal,0.5,throughput,5103,1,1.0010455502370636e+19,13de6381eec38a74759d575fc6436d5f2e61a2f6067228a656be363b9f614059,22,high_mobility,1.8851364490510512,1.166828327869175,0.946500317902754,1.1606904604270611
0.6036000000000001,0.75,0.7223183022901706,7.98,25,0,2,0,residual_predictive,1.0,semantic,5103,1,1.0010455502370636e+19,3c5fe2a17775505e81bffa849fc0d969087cd43284e0f10b01c190facc5b58db,26,high_mobility,1.8851364490510512,1.166828327869175,0.946500317902754,1.1606904604270611
0.6036000000000001,0.75,0.742456352839379,7.98,25,0,2,0,residual_predictive,1.0,throughput,5103,1,1.0010455502370636e+19,81f8bac73f664a0f581a50a05a4001ecfaea31baa3b0ee124ac074bba2096be4,25,high_mobility,1.8851364490510512,1.166828327869175,0.946500317902754,1.1606904604270611
0.5986506666666668,0.75,0.6565856880173909,7.98,25,0,2,0,residual_quarter,0.25,semantic,5103,1,1.0010455502370636e+19,f5406801168b0a8b17abfb059578993cde5b08c9b240d5f199a5e3c1e8a7aa4e,23,high_mobility,1.8851364490510512,1.166828327869175,0.946500317902754,1.1606904604270611
0.5986506666666668,0.75,0.6718438361739804,7.98,25,0,2,0,residual_quarter,0.25,throughput,5103,1,1.0010455502370636e+19,0fdfa37a25416d4b0ecd99186c84767db2517b360ea37ae8c7759d68fb051c9d,22,high_mobility,1.8851364490510512,1.166828327869175,0.946500317902754,1.1606904604270611
0.9623703703703704,1.0,0.3053904440437464,5.012,11,0,2,0,mechanistic_calibrated,0.0,semantic,5104,0,1.2249513563706737e+19,a14d86403310dd8add201f9365735ba5d21e77390cf55ed201cd2b729fd61787,5,high_mobility,1.919793403314325,1.2085052914239816,1.0931431508450793,0.9875805525710664
0.9623703703703704,1.0,0.3150663390275076,5.012,11,0,2,0,mechanistic_calibrated,0.0,throughput,5104,0,1.2249513563706737e+19,035306ef1ba7751fdd7e47fe321206748b2071dbe92dd6ca8acbad35f8aaf25e,5,high_mobility,1.919793403314325,1.2085052914239816,1.0931431508450793,0.9875805525710664
0.6885517241379311,0.6666666666666666,0.2747183960274896,10.675999999999998,19,0,2,0,oracle,1.0,semantic,5104,0,1.2249513563706737e+19,c4e2206bc978f32c0cc97f3854637cd5340a7cc74c3d67d1e1f9746a0128eb15,5,high_mobility,1.919793403314325,1.2085052914239816,1.0931431508450793,0.9875805525710664
0.9623703703703704,1.0,0.3150663390275076,5.012,11,0,2,0,oracle,1.0,throughput,5104,0,1.2249513563706737e+19,09a5589b332ef52efb60957422e30ffd91a60d70eaa75472f99c3ec331ebee86,5,high_mobility,1.919793403314325,1.2085052914239816,1.0931431508450793,0.9875805525710664
0.9623703703703704,1.0,0.3053904440437464,5.012,11,0,2,0,residual_idcal,0.5,semantic,5104,0,1.2249513563706737e+19,ad170dd76a4e139b152bd1928bf79880696c2b9d88f2b5609b2f33174cba8fb3,5,high_mobility,1.919793403314325,1.2085052914239816,1.0931431508450793,0.9875805525710664
0.9623703703703704,1.0,0.3150663390275076,5.012,11,0,2,0,residual_idcal,0.5,throughput,5104,0,1.2249513563706737e+19,b8bc08523ec9c3d1c0695962da5de52d6039b1e5d8314c6dd21e870d7ccab6f0,5,high_mobility,1.919793403314325,1.2085052914239816,1.0931431508450793,0.9875805525710664
0.9623703703703704,1.0,0.3053904440437464,5.012,11,0,2,0,residual_predictive,1.0,semantic,5104,0,1.2249513563706737e+19,0abc31cd2044353ffe3b3f64786cd92bf6703248acf8a47a029a8fe978b1f0d1,5,high_mobility,1.919793403314325,1.2085052914239816,1.0931431508450793,0.9875805525710664
0.9623703703703704,1.0,0.3150663390275076,5.012,11,0,2,0,residual_predictive,1.0,throughput,5104,0,1.2249513563706737e+19,e153f4314c9498e2cbe0ebe1083013fadd3411e099f4b26fe5920dd4beb5459d,5,high_mobility,1.919793403314325,1.2085052914239816,1.0931431508450793,0.9875805525710664
0.9623703703703704,1.0,0.3053904440437464,5.012,11,0,2,0,residual_quarter,0.25,semantic,5104,0,1.2249513563706737e+19,353e8f308db32786b6b944e6710fbe0ff576cf02f9c74bc09d076786b15f571d,5,high_mobility,1.919793403314325,1.2085052914239816,1.0931431508450793,0.9875805525710664
0.9623703703703704,1.0,0.3150663390275076,5.012,11,0,2,0,residual_quarter,0.25,throughput,5104,0,1.2249513563706737e+19,54185fea08c2cb722e81eb647dc8e9d5c3cd7d579277d6325b586d2a54f83306,5,high_mobility,1.919793403314325,1.2085052914239816,1.0931431508450793,0.9875805525710664
0.5714354716981132,1.0,0.1832971995797245,8.632,19,0,0,0,mechanistic_calibrated,0.0,semantic,5104,1,1.117423896755692e+19,cd470070467fc883486fb220b77cdc11154114138605143f7a9bd5f9c0fe5553,14,high_mobility,1.919793403314325,1.2085052914239816,1.0931431508450793,0.9875805525710664
0.5714354716981132,1.0,0.1839913288279747,8.632,19,0,0,0,mechanistic_calibrated,0.0,throughput,5104,1,1.117423896755692e+19,83b08d887248e2bcd4743fecd902cbcd837f07abafe9e985d2b08c871e5db401,13,high_mobility,1.919793403314325,1.2085052914239816,1.0931431508450793,0.9875805525710664
0.824135111111111,1.0,0.3256454316888573,11.643999999999998,17,0,0,0,oracle,1.0,semantic,5104,1,1.117423896755692e+19,7c6cb8cb1c89c6024f532689dfa4d7b3d1b733de92eb5af26666e0bbd5f3d87f,10,high_mobility,1.919793403314325,1.2085052914239816,1.0931431508450793,0.9875805525710664
0.824135111111111,1.0,0.3265635555524699,11.643999999999998,17,0,0,0,oracle,1.0,throughput,5104,1,1.117423896755692e+19,c443782a64c3c7af45a3956cb15fe19067ac66855102be775d98fb75fc7ccc6d,10,high_mobility,1.919793403314325,1.2085052914239816,1.0931431508450793,0.9875805525710664
0.7612017777777778,1.0,0.3256514644039231,11.464,17,0,0,0,residual_idcal,0.5,semantic,5104,1,1.117423896755692e+19,ac37d55233d53f0b7d411f44319e4c0d3babd6c769b9c1b42820573373eb6d78,10,high_mobility,1.919793403314325,1.2085052914239816,1.0931431508450793,0.9875805525710664
0.7612017777777778,1.0,0.3265789588454248,11.464,17,0,0,0,residual_idcal,0.5,throughput,5104,1,1.117423896755692e+19,fa67a1f0b6e92c384a3c3a2dc7e7a7c7ca9ea0374a7f099f3bd43da5587625f2,10,high_mobility,1.919793403314325,1.2085052914239816,1.0931431508450793,0.9875805525710664
0.6578381395348836,1.0,0.5255407200416414,12.644,29,0,1,0,residual_predictive,1.0,semantic,5104,1,1.117423896755692e+19,6816353f58104a7313e26aee8deca0eacf2e6a58e0ce867c3a133d6ec3ad0870,54,high_mobility,1.919793403314325,1.2085052914239816,1.0931431508450793,0.9875805525710664
0.6578381395348836,1.0,0.5275017077747783,12.644,29,0,1,0,residual_predictive,1.0,throughput,5104,1,1.117423896755692e+19,5e444fe1ea32d3e439c3d112a5d8ba192465f33718c120d4638b33b84e61e611,53,high_mobility,1.919793403314325,1.2085052914239816,1.0931431508450793,0.9875805525710664
0.7612017777777778,1.0,0.3256514644039231,11.464,17,0,0,0,residual_quarter,0.25,semantic,5104,1,1.117423896755692e+19,8ebde9080f8033f726f66c556002f5929a9de41638a7552f5fdfe9234e223057,10,high_mobility,1.919793403314325,1.2085052914239816,1.0931431508450793,0.9875805525710664
0.7612017777777778,1.0,0.3265789588454248,11.464,17,0,0,0,residual_quarter,0.25,throughput,5104,1,1.117423896755692e+19,eb562dc3d19d0a97aaa7b783b3263fa701095662fe118f74f914807a5f5574a2,10,high_mobility,1.919793403314325,1.2085052914239816,1.0931431508450793,0.9875805525710664
0.6058126582278481,0.6666666666666666,0.8569406325479552,5.012,12,0,1,0,mechanistic_calibrated,0.0,semantic,5200,0,1.3815691736570001e+19,6e639784ace230fa445fc29ad2b4e4266f122fe79dd534270169004da5edab42,12,high_stress,1.034885122629973,1.986612869472963,0.9878094645965328,1.1366883808248485
0.6058126582278481,0.6666666666666666,0.8624422153994368,5.012,11,0,1,0,mechanistic_calibrated,0.0,throughput,5200,0,1.3815691736570001e+19,e67f03d3d6d81d71cc6fce653e3e38157289725a4a44b0de34eacf40ce9a54da,11,high_stress,1.034885122629973,1.986612869472963,0.9878094645965328,1.1366883808248485
0.5952000000000001,0.6666666666666666,1.1042878448547775,3.54,10,0,1,0,oracle,1.0,semantic,5200,0,1.3815691736570001e+19,f10770cc530258b23d891de4eacbec0ef71e16c6041e6c5b121957107db2e830,21,high_stress,1.034885122629973,1.986612869472963,0.9878094645965328,1.1366883808248485
0.6527999999999999,0.6666666666666666,0.862339844238146,5.012,11,0,1,0,oracle,1.0,throughput,5200,0,1.3815691736570001e+19,ace4d7d6df07ab69005a77a58a5643838e1e907795bc01c4b7b0c49ef6995b47,11,high_stress,1.034885122629973,1.986612869472963,0.9878094645965328,1.1366883808248485
0.6282666666666666,0.6666666666666666,1.1040104070204877,3.36,10,0,1,0,residual_idcal,0.5,semantic,5200,0,1.3815691736570001e+19,250f0591a69858e431768bbd21081b827057231f17b7061a8bb4093b4e54fd52,21,high_stress,1.034885122629973,1.986612869472963,0.9878094645965328,1.1366883808248485
0.6282666666666666,0.6666666666666666,1.1159592681333903,3.36,10,0,1,0,residual_idcal,0.5,throughput,5200,0,1.3815691736570001e+19,9d2faa5eb0bb62b4fd299d208e63457c1d0a38c1ec8f212d84e719c1c9733ecf,21,high_stress,1.034885122629973,1.986612869472963,0.9878094645965328,1.1366883808248485
0.5952000000000001,0.6666666666666666,1.1042878448547775,3.54,10,0,1,0,residual_predictive,1.0,semantic,5200,0,1.3815691736570001e+19,da2ef39b74cb3155c359674dc76b30837ae36b521e80193c2a7ac91684599d56,21,high_stress,1.034885122629973,1.986612869472963,0.9878094645965328,1.1366883808248485
0.6282666666666666,0.6666666666666666,1.1158568969721,3.3599999999999994,10,0,1,0,residual_predictive,1.0,throughput,5200,0,1.3815691736570001e+19,07903e9b6ee4563c350cfc6e57d23434f3ca85fb697eb7076d0447dda1b4c505,21,high_stress,1.034885122629973,1.986612869472963,0.9878094645965328,1.1366883808248485
0.66608,0.75,0.8496724625802005,3.36,12,0,1,0,residual_quarter,0.25,semantic,5200,0,1.3815691736570001e+19,ba40353c7388abcd4a30dc58334db978a10457115d712bca74e9801640563058,12,high_stress,1.034885122629973,1.986612869472963,0.9878094645965328,1.1366883808248485
0.66608,0.75,0.8624422153994367,3.36,11,0,1,0,residual_quarter,0.25,throughput,5200,0,1.3815691736570001e+19,8f06bd93e509e20a4cdb09a39f60a359a73bf9d338ba616e071747b77fa71c5b,11,high_stress,1.034885122629973,1.986612869472963,0.9878094645965328,1.1366883808248485
0.3061191111111112,0.0,0.2178299660680903,10.464,17,0,1,0,mechanistic_calibrated,0.0,semantic,5200,1,1.8383091572415517e+19,bb6f6c35cb922d38228c455b13c9eb71f9e4bbb78aa18b1d9b852299b5bcaaee,6,high_stress,1.034885122629973,1.986612869472963,0.9878094645965328,1.1366883808248485
0.855001212121212,1.0,0.3639324574535829,7.159999999999999,17,0,1,0,mechanistic_calibrated,0.0,throughput,5200,1,1.8383091572415517e+19,5650e94503172b92fe9034efc212504f937a53fb98a94d342c8f8930c96c3d46,7,high_stress,1.034885122629973,1.986612869472963,0.9878094645965328,1.1366883808248485
0.8319644444444444,1.0,0.1763420021864841,4.58,11,0,2,0,oracle,1.0,semantic,5200,1,1.8383091572415517e+19,0670af88464f61d6fe64b52957d06baeeeab6064e39cc4ee2df2a3162213e4c1,3,high_stress,1.034885122629973,1.986612869472963,0.9878094645965328,1.1366883808248485
0.2726731034482758,0.25,0.2801976316643936,5.98,19,0,1,0,oracle,1.0,throughput,5200,1,1.8383091572415517e+19,ad0bd22d5fe06da0a42a128867dd4c1ad58b92f6704edf793cb8152c7b171258,10,high_stress,1.034885122629973,1.986612869472963,0.9878094645965328,1.1366883808248485
0.3054875675675675,0.5,0.3453378811102573,3.4,19,0,1,0,residual_idcal,0.5,semantic,5200,1,1.8383091572415517e+19,e9bbe961616d3c236d03e42c94be2aea804776c7b4aca14dfc126d22d7b9ac72,18,high_stress,1.034885122629973,1.986612869472963,0.9878094645965328,1.1366883808248485
0.5101625806451612,0.5,0.3394205930496969,5.98,14,0,1,0,residual_idcal,0.5,throughput,5200,1,1.8383091572415517e+19,49c060d01b1e5be30c4735922200a7acf19776cfd18911750a3716f1ed29c8e2,9,high_stress,1.034885122629973,1.986612869472963,0.9878094645965328,1.1366883808248485
0.0957578378378378,0.0,0.2877788449735067,5.231999999999999,19,0,1,0,residual_predictive,1.0,semantic,5200,1,1.8383091572415517e+19,f3f5e4a505a6ab9589b11049c44bb900bd833a45d1b6c270ca98444898203966,18,high_stress,1.034885122629973,1.986612869472963,0.9878094645965328,1.1366883808248485
0.5101625806451612,0.5,0.3394205930496969,5.98,14,0,1,0,residual_predictive,1.0,throughput,5200,1,1.8383091572415517e+19,5fca381054c44f9f87dd9f6619bd129f07f521ed87873640487afb57c0eca0ca,9,high_stress,1.034885122629973,1.986612869472963,0.9878094645965328,1.1366883808248485
0.3061191111111112,0.0,0.2178299660680903,10.464,17,0,1,0,residual_quarter,0.25,semantic,5200,1,1.8383091572415517e+19,8edb0aefd9bab96de25f554b1c645fed66f84d1bbe533c77bde9372162030d14,6,high_stress,1.034885122629973,1.986612869472963,0.9878094645965328,1.1366883808248485
0.2726731034482758,0.25,0.2801976316643936,5.98,19,0,1,0,residual_quarter,0.25,throughput,5200,1,1.8383091572415517e+19,881e1ed5316d9d4abdd953263503be237c53240ad397c7e35515b9bcadb28868,10,high_stress,1.034885122629973,1.986612869472963,0.9878094645965328,1.1366883808248485
0.7469268292682928,1.0,0.5935591648071707,8.2,15,0,1,0,mechanistic_calibrated,0.0,semantic,5201,0,1.132267933116842e+19,bdcd2a14697806d3706255f321008e4a27f8d32abc72f550366786dfdbe85054,7,high_stress,1.0891414770012824,1.6426196083764617,0.9771636488191476,1.3954260758991135
0.7469268292682928,1.0,0.5946615546043494,8.2,15,0,1,0,mechanistic_calibrated,0.0,throughput,5201,0,1.132267933116842e+19,66d47e9dcc9ddef27d7ba63301e888ed44a6b9b0ae54561116c9d5ff16d2c825,7,high_stress,1.0891414770012824,1.6426196083764617,0.9771636488191476,1.3954260758991135
0.7469268292682928,1.0,0.5935591648071707,8.2,15,0,1,0,oracle,1.0,semantic,5201,0,1.132267933116842e+19,c5f4313937b3d2cbd231293bd6297b2c2d00955cdeb179f1c33693b211a334f7,7,high_stress,1.0891414770012824,1.6426196083764617,0.9771636488191476,1.3954260758991135
0.7469268292682928,1.0,0.5946615546043494,8.2,15,0,1,0,oracle,1.0,throughput,5201,0,1.132267933116842e+19,b4642df8a0469cabdbad4c2f7c691bbd64e5f28e2bc103903d1f43504b7e9516,7,high_stress,1.0891414770012824,1.6426196083764617,0.9771636488191476,1.3954260758991135
0.7940645161290321,1.0,0.591331414202547,6.98,15,0,1,0,residual_idcal,0.5,semantic,5201,0,1.132267933116842e+19,d3e1e0c297d25c2be56cec2b553ae3a49416a447c1ca185fda8a8d5ccfe6eef5,7,high_stress,1.0891414770012824,1.6426196083764617,0.9771636488191476,1.3954260758991135
0.7940645161290321,1.0,0.5946615546043494,6.98,15,0,1,0,residual_idcal,0.5,throughput,5201,0,1.132267933116842e+19,ef1af01536f1b2f71c42a1bdada755ba5a7f01080bdbd8c97ce4ee5858d65835,7,high_stress,1.0891414770012824,1.6426196083764617,0.9771636488191476,1.3954260758991135
0.7940645161290321,1.0,0.591331414202547,6.98,15,0,1,0,residual_predictive,1.0,semantic,5201,0,1.132267933116842e+19,b93a0d6e6e4d7b7582b13c6206e1347ae378b45b4fda161cbf00d50fa820d4a4,7,high_stress,1.0891414770012824,1.6426196083764617,0.9771636488191476,1.3954260758991135
0.7940645161290321,1.0,0.5946615546043494,6.98,15,0,1,0,residual_predictive,1.0,throughput,5201,0,1.132267933116842e+19,94ddfd83900a2115c9512d744611b4bbc4c2faff047c91c16b7160f85cae530f,7,high_stress,1.0891414770012824,1.6426196083764617,0.9771636488191476,1.3954260758991135
0.7469268292682928,1.0,0.5935591648071707,8.2,15,0,1,0,residual_quarter,0.25,semantic,5201,0,1.132267933116842e+19,d5b7117cd3ad4c8a392fcbc541a347efc500a4ddc49063df47754c3ee7ce7733,7,high_stress,1.0891414770012824,1.6426196083764617,0.9771636488191476,1.3954260758991135
0.7469268292682928,1.0,0.5946615546043494,8.2,15,0,1,0,residual_quarter,0.25,throughput,5201,0,1.132267933116842e+19,1fee634226ef6d58b83bf357064d0684828d59f3f48169011c34c08e35c617f1,7,high_stress,1.0891414770012824,1.6426196083764617,0.9771636488191476,1.3954260758991135
0.4607496629213482,0.5,0.6385772922755608,13.392,34,0,1,0,mechanistic_calibrated,0.0,semantic,5201,1,8.328297147968081e+18,db8e307377cb2547e45fce6e5ed6f1c5798c1b9f1a2e40847fe26a5babf4eddc,39,high_stress,1.0891414770012824,1.6426196083764617,0.9771636488191476,1.3954260758991135
0.4182817391304347,0.4,0.6909345548797923,15.656,35,0,1,0,mechanistic_calibrated,0.0,throughput,5201,1,8.328297147968081e+18,42a807c3dcda7ecf5e63997d05e264699a191e928703c34d9c246b0a115c6d31,37,high_stress,1.0891414770012824,1.6426196083764617,0.9771636488191476,1.3954260758991135
0.5462916129032257,0.5,0.7903595219360222,16.656,30,0,2,0,oracle,1.0,semantic,5201,1,8.328297147968081e+18,35a9cccac1abc3909c481f502937046101bb360d1ec7eca2c001b8aba829e12d,27,high_stress,1.0891414770012824,1.6426196083764617,0.9771636488191476,1.3954260758991135
0.6210354022988506,0.6666666666666666,0.6946379804758789,16.003999999999998,35,0,2,0,oracle,1.0,throughput,5201,1,8.328297147968081e+18,9eb48f400437de470c063c275292031a6522e6d521bfebba61997a20a1aa4c1e,29,high_stress,1.0891414770012824,1.6426196083764617,0.9771636488191476,1.3954260758991135
0.345423448275862,0.4,0.9615483279179312,10.496,26,0,1,0,residual_idcal,0.5,semantic,5201,1,8.328297147968081e+18,76a89d825a5b24ee6a018a8fa9b17638d147868f53bd61901da6f58c0b6de5d4,37,high_stress,1.0891414770012824,1.6426196083764617,0.9771636488191476,1.3954260758991135
0.345423448275862,0.4,0.984641860219283,10.496,26,0,1,0,residual_idcal,0.5,throughput,5201,1,8.328297147968081e+18,db7ea51e8b996918988cfa755de47fbfcb7b01956775a5b0eff297ed8ac3fb9f,35,high_stress,1.0891414770012824,1.6426196083764617,0.9771636488191476,1.3954260758991135
0.345423448275862,0.4,0.9615483279179312,10.496,26,0,1,0,residual_predictive,1.0,semantic,5201,1,8.328297147968081e+18,32a167014576ea0e5750dfb0ad6026360bfc7804c5a0b5acd616dbee1d8c66b9,37,high_stress,1.0891414770012824,1.6426196083764617,0.9771636488191476,1.3954260758991135
0.345423448275862,0.4,0.984641860219283,10.496,26,0,1,0,residual_predictive,1.0,throughput,5201,1,8.328297147968081e+18,181336d4453ccf1b3b9a6084d0bb132d19347d86c71e08334db8a55a982c3fa4,35,high_stress,1.0891414770012824,1.6426196083764617,0.9771636488191476,1.3954260758991135
0.4086630065359476,0.4,0.732845365722909,12.392,31,0,1,0,residual_quarter,0.25,semantic,5201,1,8.328297147968081e+18,21795047837b99b5314aed31522e0ab76cfeeefec638d03db62c9532b73537f9,39,high_stress,1.0891414770012824,1.6426196083764617,0.9771636488191476,1.3954260758991135
0.4641199999999999,0.5,0.8523705720606742,9.992,28,0,1,0,residual_quarter,0.25,throughput,5201,1,8.328297147968081e+18,aedc7b2166cfa351793ad387e307ccf52ba264955ddb6bc68d7a35841cd9939e,35,high_stress,1.0891414770012824,1.6426196083764617,0.9771636488191476,1.3954260758991135
0.2439314285714285,0.0,1.1519270288623524,4.8,19,0,3,0,mechanistic_calibrated,0.0,semantic,5202,0,2.371979593109701e+18,44b7efe3c7d2b1f2823f88aa7b99f71a0acee66397da92d021af4bc1413124f9,44,high_stress,1.070371181757329,1.863568090035292,0.8511805968884427,1.3621197141387416
0.2439314285714285,0.0,1.1560501968228225,4.8,19,0,3,0,mechanistic_calibrated,0.0,throughput,5202,0,2.371979593109701e+18,a525c38dfd89556770c12b427584b9519687f12fbd1caa3c4bcf18f5a9bd75ab,44,high_stress,1.070371181757329,1.863568090035292,0.8511805968884427,1.3621197141387416
0.4249764102564102,0.5,1.4956177869663954,8.2,33,1,4,3,oracle,1.0,semantic,5202,0,2.371979593109701e+18,3461ae990297e41ae53c3c6ac7ef73cca106d6ea684a320683ed00c163eee2c7,48,high_stress,1.070371181757329,1.863568090035292,0.8511805968884427,1.3621197141387416
0.2550857142857142,0.0,0.5661888539276333,5.664,19,0,3,0,oracle,1.0,throughput,5202,0,2.371979593109701e+18,d799a14aed19df2030cb906c7fa520f40f16381a70339147b2e089f1f533acfb,48,high_stress,1.070371181757329,1.863568090035292,0.8511805968884427,1.3621197141387416
0.4799637735849056,1.0,1.1951855833785736,3.58,22,0,4,0,residual_idcal,0.5,semantic,5202,0,2.371979593109701e+18,faafa6a71897c528f123114e59cad9c19bc53e53765f2f67862aa8ff88a97dd2,44,high_stress,1.070371181757329,1.863568090035292,0.8511805968884427,1.3621197141387416
0.2601142857142857,0.0,1.017422729238891,5.231999999999999,19,0,3,0,residual_idcal,0.5,throughput,5202,0,2.371979593109701e+18,5a6f50d705faf3d0fd03a7bc48dba64ea1ee8924f81da02cf52081dcf17ce1e7,44,high_stress,1.070371181757329,1.863568090035292,0.8511805968884427,1.3621197141387416
0.1272685714285714,0.0,1.6693049279787568,4.8,19,0,3,0,residual_predictive,1.0,semantic,5202,0,2.371979593109701e+18,fe283696772eeb57af15e4b949a6eacd04100c1cb49957b3297267035d3e5f59,48,high_stress,1.070371181757329,1.863568090035292,0.8511805968884427,1.3621197141387416
0.1457632653061224,0.0,0.5661888539276333,5.664,19,0,3,0,residual_predictive,1.0,throughput,5202,0,2.371979593109701e+18,769e1c06c505103a8fc95ba518de113beab0f4c6a5192b6049f4c9f28a6b35b9,48,high_stress,1.070371181757329,1.863568090035292,0.8511805968884427,1.3621197141387416
0.2439314285714285,0.0,1.15160841251182,4.8,19,0,3,0,residual_quarter,0.25,semantic,5202,0,2.371979593109701e+18,00772f0c25a8729328a110e2200553fc2ac5709bc614f21abb28094d05ca8312,44,high_stress,1.070371181757329,1.863568090035292,0.8511805968884427,1.3621197141387416
0.2439314285714285,0.0,1.1557206121840906,4.8,19,0,3,0,residual_quarter,0.25,throughput,5202,0,2.371979593109701e+18,5a3c3dbd17e2c229c3833636f9fe140ed34c70ac0b18c79d33d6ce4e805f0eb5,44,high_stress,1.070371181757329,1.863568090035292,0.8511805968884427,1.3621197141387416
0.4764586666666666,0.5,0.5929123834457783,14.044,30,0,0,0,mechanistic_calibrated,0.0,semantic,5202,1,2.8213007597165164e+18,bc58ca2465e374794a5aa833c26409c09f21f0e02b299402bbd414815916d9a1,51,high_stress,1.070371181757329,1.863568090035292,0.8511805968884427,1.3621197141387416
0.4764586666666666,0.5,0.5985546811012218,14.044,30,0,0,0,mechanistic_calibrated,0.0,throughput,5202,1,2.8213007597165164e+18,2ab45c879111f8040c13f81d2cfe20d7ce1bf1dd555eaf6bbe6ab6517dfa5ee6,51,high_stress,1.070371181757329,1.863568090035292,0.8511805968884427,1.3621197141387416
0.4352142222222222,0.5,0.7639638011511781,11.643999999999998,29,0,0,0,oracle,1.0,semantic,5202,1,2.8213007597165164e+18,7b147a45417419f76378266d4e73cad8578e2317a96e2ada29755be8ee8406a0,51,high_stress,1.070371181757329,1.863568090035292,0.8511805968884427,1.3621197141387416
0.6026043076923077,1.0,0.7800068680034495,11.643999999999998,27,0,0,0,oracle,1.0,throughput,5202,1,2.8213007597165164e+18,83869a6c6e84de0551e684c7d1328a3e07eb77725dd7f4f130f57b2e14d0dde5,50,high_stress,1.070371181757329,1.863568090035292,0.8511805968884427,1.3621197141387416
0.1155697777777777,0.0,0.3935273114884224,7.632,28,1,0,3,residual_idcal,0.5,semantic,5202,1,2.8213007597165164e+18,d89e3e8d9acc6cc8fec64c33429e1cbd4f35b3e414f42efbebeb19e0dae15500,46,high_stress,1.070371181757329,1.863568090035292,0.8511805968884427,1.3621197141387416
0.1528646808510638,0.0,0.7477251635158597,10.464,31,1,0,3,residual_idcal,0.5,throughput,5202,1,2.8213007597165164e+18,70424cc8574983002208069eafb9d70fa50583b226805dd8485b6747c3d04e95,43,high_stress,1.070371181757329,1.863568090035292,0.8511805968884427,1.3621197141387416
0.5752543689320387,0.6666666666666666,0.7879315012355663,10.244,26,1,0,1,residual_predictive,1.0,semantic,5202,1,2.8213007597165164e+18,f0393876c0c0f4b10a78f8c66eebbe900bd7808632e13cd5eddf0858c96ad676,46,high_stress,1.070371181757329,1.863568090035292,0.8511805968884427,1.3621197141387416
0.5752543689320387,0.6666666666666666,0.7937262578012315,10.244,26,1,0,1,residual_predictive,1.0,throughput,5202,1,2.8213007597165164e+18,27854c06fd787d065fc0cf84cda47d4c4b65374f7039b807cdbf3e8b8ac1ab56,45,high_stress,1.070371181757329,1.863568090035292,0.8511805968884427,1.3621197141387416
0.4764586666666666,0.5,0.5929039012047483,14.044,30,0,0,0,residual_quarter,0.25,semantic,5202,1,2.8213007597165164e+18,3df9d1e8b89282ebe91eec06e07eb516995983b4db4a40adb523a0cd7e073d0c,51,high_stress,1.070371181757329,1.863568090035292,0.8511805968884427,1.3621197141387416
0.4764586666666666,0.5,0.5985546811012218,14.044,30,0,0,0,residual_quarter,0.25,throughput,5202,1,2.8213007597165164e+18,7e897665d1941d74a5b46d24e466d60573da45b1470c1d34df0417b369510e1a,51,high_stress,1.070371181757329,1.863568090035292,0.8511805968884427,1.3621197141387416
0.8599560439560437,1.0,0.3406379486721502,11.424,20,0,0,0,mechanistic_calibrated,0.0,semantic,5203,0,5.755657985276621e+18,a261e5b0b8e179f75b26587d908c17876fd00c84d8ff7ff19ca1f1058e622545,14,high_stress,1.147056132173179,1.826055891947136,0.8058337207642664,1.1849324957665424
0.8599560439560437,1.0,0.3449525051790914,11.424,20,0,0,0,mechanistic_calibrated,0.0,throughput,5203,0,5.755657985276621e+18,0a3e60aabc83662738ccc73d4893b21fe3a93f086751dd9b3877a317c7811b04,13,high_stress,1.147056132173179,1.826055891947136,0.8058337207642664,1.1849324957665424
0.5550070921985815,0.6,0.2619089240774078,11.424,24,0,0,0,oracle,1.0,semantic,5203,0,5.755657985276621e+18,b28c7278b2bc57246168c05a9fa3c8b9242a7b8df29deb11652d3c704b86ba47,14,high_stress,1.147056132173179,1.826055891947136,0.8058337207642664,1.1849324957665424
0.5550070921985815,0.6,0.2662565690286398,11.424,24,0,0,0,oracle,1.0,throughput,5203,0,5.755657985276621e+18,c8477af10f1634e93c5546023d3d7d7d00ba0370cd7654f9e55edd31f07c3e23,12,high_stress,1.147056132173179,1.826055891947136,0.8058337207642664,1.1849324957665424
0.8599560439560437,1.0,0.3406379486721502,11.424,20,0,0,0,residual_idcal,0.5,semantic,5203,0,5.755657985276621e+18,3a9bee78a19a06b6a90ca3f22e8f72c5fcdc0373e23d5ca51c7805b57c2a4e3c,14,high_stress,1.147056132173179,1.826055891947136,0.8058337207642664,1.1849324957665424
0.8599560439560437,1.0,0.3449525051790914,11.424,20,0,0,0,residual_idcal,0.5,throughput,5203,0,5.755657985276621e+18,49eeeb072181b044ee1b65bf184b6c34a5b222c878b53b35788d5431f121f870,13,high_stress,1.147056132173179,1.826055891947136,0.8058337207642664,1.1849324957665424
0.8599560439560437,1.0,0.3406379486721502,11.424,20,0,0,0,residual_predictive,1.0,semantic,5203,0,5.755657985276621e+18,2372e1d98ba3e13aa58a7e96a453840a73a96bb6a0398e51502c18f942ea3774,14,high_stress,1.147056132173179,1.826055891947136,0.8058337207642664,1.1849324957665424
0.8599560439560437,1.0,0.3449525051790914,11.424,20,0,0,0,residual_predictive,1.0,throughput,5203,0,5.755657985276621e+18,1a757b2deb63e85d2c91228680998dcd7ce1874970fe9f5a8c257f017a1942ba,13,high_stress,1.147056132173179,1.826055891947136,0.8058337207642664,1.1849324957665424
0.8599560439560437,1.0,0.3406379486721502,11.424,20,0,0,0,residual_quarter,0.25,semantic,5203,0,5.755657985276621e+18,48e0215ec5bf6f707422e676a7197f8db5bc2dd14c79f7b0f1ff758c8bec2790,14,high_stress,1.147056132173179,1.826055891947136,0.8058337207642664,1.1849324957665424
0.8599560439560437,1.0,0.3449525051790914,11.424,20,0,0,0,residual_quarter,0.25,throughput,5203,0,5.755657985276621e+18,fcae442722bdcbdc90df2e4b6204a8d4e6bb16f42542217bb3ec3ec42ec2ad1f,13,high_stress,1.147056132173179,1.826055891947136,0.8058337207642664,1.1849324957665424
0.7843855900621116,1.0,0.369813083439751,15.392,45,1,0,3,mechanistic_calibrated,0.0,semantic,5203,1,1.3865943591550417e+19,8f31c7dff51c0f64d3dfe62378f2321ab487313e2b49a8db720387dc1b6060cd,41,high_stress,1.147056132173179,1.826055891947136,0.8058337207642664,1.1849324957665424
0.5933541052631579,0.6666666666666666,0.5669286172813124,22.276,43,0,0,0,mechanistic_calibrated,0.0,throughput,5203,1,1.3865943591550417e+19,eeb1db94d4d40be5fd74e02597dce1fc3565f000919329b57a01a0ca6b0c3768,38,high_stress,1.147056132173179,1.826055891947136,0.8058337207642664,1.1849324957665424
0.5785866666666665,0.75,0.7065089995648363,14.256,37,0,0,0,oracle,1.0,semantic,5203,1,1.3865943591550417e+19,3082110b361115538ed630d67a682ebbd479c7f59a52763c33e21a7fcd23e164,59,high_stress,1.147056132173179,1.826055891947136,0.8058337207642664,1.1849324957665424
0.5316662857142855,0.75,0.5883903449000124,11.244,34,0,0,0,oracle,1.0,throughput,5203,1,1.3865943591550417e+19,004d0d0b7c346f2620574bd963ca80f4a63904c011a54a4ec78cbc0a11e202cf,64,high_stress,1.147056132173179,1.826055891947136,0.8058337207642664,1.1849324957665424
0.5473371428571426,0.75,0.4547619744747113,9.024,32,0,0,0,residual_idcal,0.5,semantic,5203,1,1.3865943591550417e+19,72723b04acc065fce7d1297f5334dac8829d08097987c3320c71e4d15a0382b1,66,high_stress,1.147056132173179,1.826055891947136,0.8058337207642664,1.1849324957665424
0.4429515527950309,0.6,0.5308417433938628,8.844,32,0,0,0,residual_idcal,0.5,throughput,5203,1,1.3865943591550417e+19,104eee4734bb77ff500240974bac4a76b33280c666226c43e8aa704b1deb069d,52,high_stress,1.147056132173179,1.826055891947136,0.8058337207642664,1.1849324957665424
0.4257857142857142,0.5,0.4991324126073446,7.371999999999999,32,0,0,0,residual_predictive,1.0,semantic,5203,1,1.3865943591550417e+19,cd7bb7e7f89c9cb48ebb3ea91df1655150ffb21faada5e20afc848ba1204509f,62,high_stress,1.147056132173179,1.826055891947136,0.8058337207642664,1.1849324957665424
0.4424039408866994,0.5714285714285714,0.4421770088549042,6.76,32,0,0,0,residual_predictive,1.0,throughput,5203,1,1.3865943591550417e+19,35c3150a7b7c5940634aa6f730bf185e6f4d16d8fcf76b3ec969d6213ae62357,64,high_stress,1.147056132173179,1.826055891947136,0.8058337207642664,1.1849324957665424
0.5274725274725274,0.6666666666666666,0.4109068893771881,9.16,34,0,0,0,residual_quarter,0.25,semantic,5203,1,1.3865943591550417e+19,fb272dbf3a03adb6cde5713b295814f231585d2e88670cae190762f341457a3c,65,high_stress,1.147056132173179,1.826055891947136,0.8058337207642664,1.1849324957665424
0.4778901098901099,0.6666666666666666,0.3799493743953353,6.58,32,0,0,0,residual_quarter,0.25,throughput,5203,1,1.3865943591550417e+19,dd39b1ae541ea399a90848dd6cdea80c3945136d6c8f54078d01e7921b821551,51,high_stress,1.147056132173179,1.826055891947136,0.8058337207642664,1.1849324957665424
0.4798523076923077,0.5,0.9890307686053188,11.896,25,0,2,0,mechanistic_calibrated,0.0,semantic,5204,0,1.133881750628787e+19,3cb5e39706df6e06dbad3ed4af124d412f664db6da1d1d52c49bc10b9e9cd9dd,32,high_stress,1.0447639444205867,1.7683857631069986,0.8704788899074456,1.325078833562733
0.7978010256410257,1.0,0.8069675005738907,13.076,26,0,2,0,mechanistic_calibrated,0.0,throughput,5204,0,1.133881750628787e+19,38b710d87e5170fe4a215227c9e0039a046a4c107c63afdcb698bbe6726fc4d3,31,high_stress,1.0447639444205867,1.7683857631069986,0.8704788899074456,1.325078833562733
0.8100848484848484,1.0,0.7985235339317723,11.855999999999998,26,0,2,0,oracle,1.0,semantic,5204,0,1.133881750628787e+19,c10caa81d58486bf5b77738a47a16e6b4171e238a17594e78019a5d2670b9200,30,high_stress,1.0447639444205867,1.7683857631069986,0.8704788899074456,1.325078833562733
0.8100848484848484,1.0,0.8020490618031869,11.855999999999998,26,0,2,0,oracle,1.0,throughput,5204,0,1.133881750628787e+19,edaa6b6ebd3a5e2d4539acadac9af60fd7aee57bb0f4a33bbec78e49f6dc9e44,30,high_stress,1.0447639444205867,1.7683857631069986,0.8704788899074456,1.325078833562733
0.5479548717948718,0.5,0.7443047797005767,14.476,26,0,2,0,residual_idcal,0.5,semantic,5204,0,1.133881750628787e+19,6530666229825ab266bb41c86c4e47412920741de6c5aac1c780c7e735c6a7e3,30,high_stress,1.0447639444205867,1.7683857631069986,0.8704788899074456,1.325078833562733
0.5479548717948718,0.5,0.7462675091651129,14.476,26,0,2,0,residual_idcal,0.5,throughput,5204,0,1.133881750628787e+19,353668fddcd2bfb8f845a580de0c2f0ab7d8cb77a63c22ca65b559688bcccdf2,30,high_stress,1.0447639444205867,1.7683857631069986,0.8704788899074456,1.325078833562733
0.0675684848484848,0.0,1.436746643876328,5.231999999999999,23,1,1,0,residual_predictive,1.0,semantic,5204,0,1.133881750628787e+19,484202e30f60eebb0311b6e4e23886ffde63e0c0a78176f14778f3761687396d,44,high_stress,1.0447639444205867,1.7683857631069986,0.8704788899074456,1.325078833562733
0.0675684848484848,0.0,1.4485612014850076,5.231999999999999,23,1,1,0,residual_predictive,1.0,throughput,5204,0,1.133881750628787e+19,4032a8f5189081e74a85aecceb66e8ef7d425fb1f12fd9fc4dae11dc67fb51e8,38,high_stress,1.0447639444205867,1.7683857631069986,0.8704788899074456,1.325078833562733
0.5479548717948718,0.5,0.7443047797005767,14.476,26,0,2,0,residual_quarter,0.25,semantic,5204,0,1.133881750628787e+19,6462126cb737ca20544bff92a74065ba8d765d290ba823ade5be87b391b5ffe1,30,high_stress,1.0447639444205867,1.7683857631069986,0.8704788899074456,1.325078833562733
0.5479548717948718,0.5,0.7462675091651129,14.476,26,0,2,0,residual_quarter,0.25,throughput,5204,0,1.133881750628787e+19,d051576fa770f52724be1ae799382c0d9cb42190149d18be2fa4c0fa990f578a,30,high_stress,1.0447639444205867,1.7683857631069986,0.8704788899074456,1.325078833562733
0.6937931034482758,0.75,0.327897762954028,8.591999999999999,24,1,0,1,mechanistic_calibrated,0.0,semantic,5204,1,8.444875817596151e+18,22789195dbb8e23612bccc64d6ce131a96716b5c6057050cace456c9e69ae478,40,high_stress,1.0447639444205867,1.7683857631069986,0.8704788899074456,1.325078833562733
0.8628645161290321,1.0,0.3817700534461331,14.392,29,0,1,0,mechanistic_calibrated,0.0,throughput,5204,1,8.444875817596151e+18,d155415c58f3d486b406fb74d6c937bcc9a326f35acea11f1fde9e676fa13636,16,high_stress,1.0447639444205867,1.7683857631069986,0.8704788899074456,1.325078833562733
0.6915862068965517,0.75,0.6572226162977506,8.16,24,1,1,0,oracle,1.0,semantic,5204,1,8.444875817596151e+18,84356309a4803366c4ebd70a98696441e07a2748570560f221c7d5a16286ed4f,38,high_stress,1.0447639444205867,1.7683857631069986,0.8704788899074456,1.325078833562733
0.7016,0.75,0.7071262768237454,10.992,25,0,1,0,oracle,1.0,throughput,5204,1,8.444875817596151e+18,30e7f2fd813e271045678f866ea0ebac26c7c7b5a87f2b0ee0e5bd7676d7567c,45,high_stress,1.0447639444205867,1.7683857631069986,0.8704788899074456,1.325078833562733
0.7037333333333333,0.75,0.633668853630518,11.424,25,0,1,0,residual_idcal,0.5,semantic,5204,1,8.444875817596151e+18,9eab83651392db4231a6c4573929717f6b1d029c516b52916ec956d9c30a188d,45,high_stress,1.0447639444205867,1.7683857631069986,0.8704788899074456,1.325078833562733
0.6982933333333332,0.75,0.7768435824083867,10.992,25,0,1,0,residual_idcal,0.5,throughput,5204,1,8.444875817596151e+18,8df1ff83e3823e58ecd255fe198137b52751f1ba5e45e51e553744701920def6,45,high_stress,1.0447639444205867,1.7683857631069986,0.8704788899074456,1.325078833562733
0.6726731034482758,0.75,0.4417249279475749,7.98,22,0,1,0,residual_predictive,1.0,semantic,5204,1,8.444875817596151e+18,b260756caf9eb551b45e93c577dd8accf6b5f94bc6dd93683627d6bad6e6f91d,40,high_stress,1.0447639444205867,1.7683857631069986,0.8704788899074456,1.325078833562733
0.8137931034482757,1.0,0.5299061282177931,6.58,22,0,1,0,residual_predictive,1.0,throughput,5204,1,8.444875817596151e+18,c97fae18d79da497036a811584fa12a0a9aa4167626935de168324c80d9f65f1,40,high_stress,1.0447639444205867,1.7683857631069986,0.8704788899074456,1.325078833562733
0.5100005228758169,0.6,0.6983112871385959,10.38,37,1,3,2,residual_quarter,0.25,semantic,5204,1,8.444875817596151e+18,a972c387b6d07406aef8930cbcc81b46dd16831f6338922f389c1eb9da3afa42,55,high_stress,1.0447639444205867,1.7683857631069986,0.8704788899074456,1.325078833562733
0.7345655172413793,0.8,0.4089285794373282,12.172,28,0,1,0,residual_quarter,0.25,throughput,5204,1,8.444875817596151e+18,c4261d41e81488dec615a014ebeed6dfef283b3f5b494afa54bab44e0d995d99,34,high_stress,1.0447639444205867,1.7683857631069986,0.8704788899074456,1.325078833562733
0.992,1.0,0.8479643772625204,6.843999999999999,15,1,1,2,mechanistic_calibrated,0.0,semantic,5000,0,1.67685000748164e+19,0b4eadb3645c683472ab256584a55e29e5ccf025c5ea96914bcf08744650b6e5,12,id,0.8348851536080445,0.8895603315312806,1.0068160616399675,0.8925204079806566
0.992,1.0,0.855238960907088,6.843999999999999,15,1,1,2,mechanistic_calibrated,0.0,throughput,5000,0,1.67685000748164e+19,781892c05be7d5ab46d09716f9c2d9d9660d80baa6ffb0056538e95feca12d75,12,id,0.8348851536080445,0.8895603315312806,1.0068160616399675,0.8925204079806566
0.8044137931034483,1.0,0.7306718967182914,7.231999999999999,13,0,1,0,oracle,1.0,semantic,5000,0,1.67685000748164e+19,47dfa6d361746d262e770d878c9b0f11fdd79f2daa444e8fc84fa3fab5cc3d9a,13,id,0.8348851536080445,0.8895603315312806,1.0068160616399675,0.8925204079806566
0.6799822222222223,0.75,0.723703130728578,8.16,18,0,1,0,oracle,1.0,throughput,5000,0,1.67685000748164e+19,d5bee7980f9eb3d11dc38d907957d93f37c59d4cc6d6a0fb2d7982bc42444865,14,id,0.8348851536080445,0.8895603315312806,1.0068160616399675,0.8925204079806566
0.8044137931034483,1.0,0.7306718967182914,7.231999999999999,13,0,1,0,residual_idcal,0.5,semantic,5000,0,1.67685000748164e+19,73bf890c08f894dd45ccdc50b3e4786281c676b4d5303c406b8a9ea3e1e94b9c,13,id,0.8348851536080445,0.8895603315312806,1.0068160616399675,0.8925204079806566
0.8044137931034483,1.0,0.7346271495519817,7.231999999999999,13,0,1,0,residual_idcal,0.5,throughput,5000,0,1.67685000748164e+19,2c9f053cdf1d4a411f508889be17468c5df25da669346ce7f29db4cdff40e54f,13,id,0.8348851536080445,0.8895603315312806,1.0068160616399675,0.8925204079806566
0.8044137931034483,1.0,0.7306718967182914,7.231999999999999,13,0,1,0,residual_predictive,1.0,semantic,5000,0,1.67685000748164e+19,ec7f311a695ec63f7ebe3c29ed7ad619e758bcbd1daf9cc9a3148ed69c02c38d,13,id,0.8348851536080445,0.8895603315312806,1.0068160616399675,0.8925204079806566
0.8044137931034483,1.0,0.7346271495519817,7.231999999999999,13,0,1,0,residual_predictive,1.0,throughput,5000,0,1.67685000748164e+19,f4095b14a0db696e3a13d5b44970f230b921afdc4cb2794d2a98d69719801775,13,id,0.8348851536080445,0.8895603315312806,1.0068160616399675,0.8925204079806566
0.8044137931034483,1.0,0.7306718967182914,7.231999999999999,13,0,1,0,residual_quarter,0.25,semantic,5000,0,1.67685000748164e+19,ec2f6ae2384e56a441f232c28337f38fa2285e713ef30bd50de5fa1b8ab1ec08,13,id,0.8348851536080445,0.8895603315312806,1.0068160616399675,0.8925204079806566
0.8044137931034483,1.0,0.7346271495519817,7.231999999999999,13,0,1,0,residual_quarter,0.25,throughput,5000,0,1.67685000748164e+19,612484ecdf3e20c836d99c3161e8b6e7fa257c200adc4437ed27a19f527c9f9b,13,id,0.8348851536080445,0.8895603315312806,1.0068160616399675,0.8925204079806566
0.6450263414634145,1.0,0.5553433032222473,9.632,26,0,1,0,mechanistic_calibrated,0.0,semantic,5000,1,1.0338525428467882e+19,d20b6ff04063363aab9154c7787c76ef983cdedee0a9ac415e702ccdcc0dcb92,30,id,0.8348851536080445,0.8895603315312806,1.0068160616399675,0.8925204079806566
0.5164238596491229,1.0,0.6092446444329875,8.2,23,0,1,0,mechanistic_calibrated,0.0,throughput,5000,1,1.0338525428467882e+19,225e501d5f158776b7366eb92683ee5e6305b3ad3740fb9510a93d72b4da58be,29,id,0.8348851536080445,0.8895603315312806,1.0068160616399675,0.8925204079806566
0.3785376744186046,0.5,0.6309001204498139,10.6,27,0,1,0,oracle,1.0,semantic,5000,1,1.0338525428467882e+19,8159313bb44a58ad163a9e71787131feea9963d003d1f58cddb0be24a1f98f47,30,id,0.8348851536080445,0.8895603315312806,1.0068160616399675,0.8925204079806566
0.5860378947368421,1.0,0.5389334456816796,11.032,24,0,1,0,oracle,1.0,throughput,5000,1,1.0338525428467882e+19,94cbde6952a1ecb8105c66ccd5600129dac0d18e5278062fd226c6f63c350b33,28,id,0.8348851536080445,0.8895603315312806,1.0068160616399675,0.8925204079806566
0.5336760655737706,1.0,0.6309001204498139,10.6,26,0,2,0,residual_idcal,0.5,semantic,5000,1,1.0338525428467882e+19,691df25457c8127bbac1f3d3f32ae3e901fb6d4061163a40f0eaf80a3c3773cb,30,id,0.8348851536080445,0.8895603315312806,1.0068160616399675,0.8925204079806566
0.5164238596491229,1.0,0.6092446444329875,8.2,23,0,1,0,residual_idcal,0.5,throughput,5000,1,1.0338525428467882e+19,d27e77ae3346c66f53558dd7fa126b56301eac62bf2631a855cdf47c199cb817,29,id,0.8348851536080445,0.8895603315312806,1.0068160616399675,0.8925204079806566
0.5336760655737706,1.0,0.6309001204498139,10.6,26,0,2,0,residual_predictive,1.0,semantic,5000,1,1.0338525428467882e+19,8ef6dcf26d2106af938445f9d3e092a4f3cc7d8457b928af409d41f1f9680433,30,id,0.8348851536080445,0.8895603315312806,1.0068160616399675,0.8925204079806566
0.5164238596491229,1.0,0.5201660223022878,8.2,23,0,1,0,residual_predictive,1.0,throughput,5000,1,1.0338525428467882e+19,6e8beb259f7ee3c7b2c9da1ed34a61a1dca73eca2694266d178e0797b4a09289,29,id,0.8348851536080445,0.8895603315312806,1.0068160616399675,0.8925204079806566
0.5336760655737706,1.0,0.6309001204498139,10.6,26,0,2,0,residual_quarter,0.25,semantic,5000,1,1.0338525428467882e+19,348617b194fa47f6f74363221fc54bb33b27da3da08e478eee425356916b19db,30,id,0.8348851536080445,0.8895603315312806,1.0068160616399675,0.8925204079806566
0.5164238596491229,1.0,0.6092446444329875,8.2,23,0,1,0,residual_quarter,0.25,throughput,5000,1,1.0338525428467882e+19,1011b9b315cae3dc356c32d4e234d4dcfaf11590cbf9c4c12bde5d431d3fd041,29,id,0.8348851536080445,0.8895603315312806,1.0068160616399675,0.8925204079806566
0.9662448484848484,1.0,0.4662938148861678,6.411999999999999,10,0,1,0,mechanistic_calibrated,0.0,semantic,5001,0,1.2796624101935921e+19,766852acd2b9ec6cd3f7301b9bd15c109be5510f2693bc355e62c1d7c5b59721,4,id,1.0102069955742057,1.1323804818643872,0.9330513337417136,0.958695453317476
0.9662448484848484,1.0,0.4686205385729545,6.411999999999999,10,0,1,0,mechanistic_calibrated,0.0,throughput,5001,0,1.2796624101935921e+19,743ebf9e61993ca9de3a88248f8bdb243e2b7ebff23e3b99287e9dee05410962,4,id,1.0102069955742057,1.1323804818643872,0.9330513337417136,0.958695453317476
0.9662448484848484,1.0,0.4662938148861678,6.411999999999999,10,0,1,0,oracle,1.0,semantic,5001,0,1.2796624101935921e+19,68e9ba7fae397b13301a15e63fbae0bb39809c8da632cbfe1ccb8b14648fd7d7,4,id,1.0102069955742057,1.1323804818643872,0.9330513337417136,0.958695453317476
0.9662448484848484,1.0,0.4686205385729545,6.411999999999999,10,0,1,0,oracle,1.0,throughput,5001,0,1.2796624101935921e+19,50a997edd69a2b2ee4122c519b5fb4cd7a1877f401a3b1fcf42e9f485480581a,4,id,1.0102069955742057,1.1323804818643872,0.9330513337417136,0.958695453317476
0.9662448484848484,1.0,0.4662938148861678,6.411999999999999,10,0,1,0,residual_idcal,0.5,semantic,5001,0,1.2796624101935921e+19,d3c6d14fb70dc782244411f6d232649a8ba037c24a14a6f7ce2a4313af72c57e,4,id,1.0102069955742057,1.1323804818643872,0.9330513337417136,0.958695453317476
0.9662448484848484,1.0,0.4686205385729545,6.411999999999999,10,0,1,0,residual_idcal,0.5,throughput,5001,0,1.2796624101935921e+19,9d2d26b856b0a252b32a0007f84e667113d7e6b3a8a65caee43ebcd1ec7c7f27,4,id,1.0102069955742057,1.1323804818643872,0.9330513337417136,0.958695453317476
0.9662448484848484,1.0,0.4662938148861678,6.411999999999999,10,0,1,0,residual_predictive,1.0,semantic,5001,0,1.2796624101935921e+19,6021af07ca65752400c4c451ebfbc91c4dc2b6cc456aac9299820c170bc5c877,4,id,1.0102069955742057,1.1323804818643872,0.9330513337417136,0.958695453317476
0.9662448484848484,1.0,0.4686205385729545,6.411999999999999,10,0,1,0,residual_predictive,1.0,throughput,5001,0,1.2796624101935921e+19,ba953f2f1b6b50646b127e2cb26cc67da8632a2de59ae7d26a68716092e4107b,4,id,1.0102069955742057,1.1323804818643872,0.9330513337417136,0.958695453317476
0.9662448484848484,1.0,0.4662938148861678,6.411999999999999,10,0,1,0,residual_quarter,0.25,semantic,5001,0,1.2796624101935921e+19,2a631ed6cc3f9864bde295687d25ac0e6c493ea932487aae25c29c3342be1d5e,4,id,1.0102069955742057,1.1323804818643872,0.9330513337417136,0.958695453317476
0.9662448484848484,1.0,0.4686205385729545,6.411999999999999,10,0,1,0,residual_quarter,0.25,throughput,5001,0,1.2796624101935921e+19,0201dfa53d1e3c0a47054e1d8f1aff173698e41bc9c6915f2350926cb78a9117,4,id,1.0102069955742057,1.1323804818643872,0.9330513337417136,0.958695453317476
0.6499999999999999,0.75,0.1396442177763155,3.3599999999999994,25,1,2,3,mechanistic_calibrated,0.0,semantic,5001,1,1.7197217058153568e+19,3693b87ba2f7f5095813adf6096e25416b4825499923752157bd72f322ec40e5,10,id,1.0102069955742057,1.1323804818643872,0.9330513337417136,0.958695453317476
0.5817931034482757,0.75,0.0774025248359451,3.18,21,0,2,0,mechanistic_calibrated,0.0,throughput,5001,1,1.7197217058153568e+19,a0fe7d5bdf6ec5ef47897ef6bbdd2cbc8c9e5cb4ea9d13988119dc48ecea4632,21,id,1.0102069955742057,1.1323804818643872,0.9330513337417136,0.958695453317476
0.5998265060240963,0.6666666666666666,0.2256909454184157,7.191999999999999,27,0,2,0,oracle,1.0,semantic,5001,1,1.7197217058153568e+19,58a1abb557b4f87ce04161584614eeb9ca9bfdf057e912a841317e51baa16a4f,17,id,1.0102069955742057,1.1323804818643872,0.9330513337417136,0.958695453317476
0.6063407407407407,0.6666666666666666,0.306506756116516,12.244,27,0,2,0,oracle,1.0,throughput,5001,1,1.7197217058153568e+19,ac8332c20cb86f746827b51fdc7bd3c6aa25959e073d27220e4c1347bd3105a5,17,id,1.0102069955742057,1.1323804818643872,0.9330513337417136,0.958695453317476
0.5163120567375886,0.6,0.2978015866331222,3.3599999999999994,23,0,2,0,residual_idcal,0.5,semantic,5001,1,1.7197217058153568e+19,89bd4675749fc2a5f79bc95609c9af223a72fe34e32414ccd56f29f7a12d90c9,30,id,1.0102069955742057,1.1323804818643872,0.9330513337417136,0.958695453317476
0.4786382978723403,0.6,0.2977330465684456,3.18,23,0,2,0,residual_idcal,0.5,throughput,5001,1,1.7197217058153568e+19,fd91282b5afb105e95613bd35b836f9537411c92039baf11dfd3c7efb5f73cec,35,id,1.0102069955742057,1.1323804818643872,0.9330513337417136,0.958695453317476
0.5163120567375886,0.6,0.2978015866331222,3.3599999999999994,23,0,2,0,residual_predictive,1.0,semantic,5001,1,1.7197217058153568e+19,08569c9a6bea1c48ca05727b0196bd451357ec797644f46724d7ca29763351d5,30,id,1.0102069955742057,1.1323804818643872,0.9330513337417136,0.958695453317476
0.4786382978723403,0.6,0.2977330465684456,3.18,23,0,2,0,residual_predictive,1.0,throughput,5001,1,1.7197217058153568e+19,0d7e3ec78da06a1b0f021eaeea754dc232d93c8b882bc1e6005c12f26f28372e,35,id,1.0102069955742057,1.1323804818643872,0.9330513337417136,0.958695453317476
0.6499999999999999,0.75,0.1396442177763155,3.3599999999999994,19,0,2,0,residual_quarter,0.25,semantic,5001,1,1.7197217058153568e+19,5431ee71a7c194a22600b1f928f2b53bb24de47ab123065d07f4e31d0aca30e3,11,id,1.0102069955742057,1.1323804818643872,0.9330513337417136,0.958695453317476
0.5817931034482757,0.75,0.0774025248359451,3.18,21,0,2,0,residual_quarter,0.25,throughput,5001,1,1.7197217058153568e+19,33de6266eb07648391b227bc7bdfbfe3c36d49ce6cbf5cb4889f8497321d5525,21,id,1.0102069955742057,1.1323804818643872,0.9330513337417136,0.958695453317476
0.3268266666666666,0.0,0.8725370061527925,10.032,17,0,1,0,mechanistic_calibrated,0.0,semantic,5002,0,6.967958219298026e+16,6853d26562ad17f25b07cd1969ba7e0aaa99e902954d57323f2a031487ebf58c,20,id,1.0501105583828023,1.2234406710895342,0.9290617783379824,0.8740143923736666
0.3268266666666666,0.0,0.8736116413188671,10.032,17,0,1,0,mechanistic_calibrated,0.0,throughput,5002,0,6.967958219298026e+16,7a3925095f52d9fb2a5c21cd79240c3ba1adb2542d975a3dee87f0881d6f395b,20,id,1.0501105583828023,1.2234406710895342,0.9290617783379824,0.8740143923736666
0.3268266666666666,0.0,0.8725370061527924,10.032,17,0,1,0,oracle,1.0,semantic,5002,0,6.967958219298026e+16,662557d222ab7e0b095519bde31cc12011e684fa210d2533d2de2e2dbabe1c25,20,id,1.0501105583828023,1.2234406710895342,0.9290617783379824,0.8740143923736666
0.3268266666666666,0.0,0.8736116413188671,10.032,17,0,1,0,oracle,1.0,throughput,5002,0,6.967958219298026e+16,73fe3721694e70214e4e30bcfc81bd18f4707a9e694824a8268cb48db1995349,20,id,1.0501105583828023,1.2234406710895342,0.9290617783379824,0.8740143923736666
0.3268266666666666,0.0,0.8725370061527925,10.032,17,0,1,0,residual_idcal,0.5,semantic,5002,0,6.967958219298026e+16,b5823382c3fbac9ab664f5e6e88fcefa90c76c3faa65b19ed86c5d9d9617af20,20,id,1.0501105583828023,1.2234406710895342,0.9290617783379824,0.8740143923736666
0.3268266666666666,0.0,0.8736116413188671,10.032,17,0,1,0,residual_idcal,0.5,throughput,5002,0,6.967958219298026e+16,cceef98a15bf817476ce3929f945928ed47a2770bc253f84d44f5d32c182f1ed,20,id,1.0501105583828023,1.2234406710895342,0.9290617783379824,0.8740143923736666
0.3268266666666666,0.0,0.8725370061527925,10.032,17,0,1,0,residual_predictive,1.0,semantic,5002,0,6.967958219298026e+16,c730ac9c2edc1a0625b0ccbe0ca1086b491e593ba8f25bb2abd2a513c4eafc1c,20,id,1.0501105583828023,1.2234406710895342,0.9290617783379824,0.8740143923736666
0.3268266666666666,0.0,0.8736116413188671,10.032,17,0,1,0,residual_predictive,1.0,throughput,5002,0,6.967958219298026e+16,58598929276edd2070587cf28b72c112db159ec28ec32a991458f76703a2a23a,20,id,1.0501105583828023,1.2234406710895342,0.9290617783379824,0.8740143923736666
0.3268266666666666,0.0,0.8725370061527925,10.032,17,0,1,0,residual_quarter,0.25,semantic,5002,0,6.967958219298026e+16,7c7b8ddc0cc5158122cf228fc4812f709d7f089b7e75ccb75b73bc8c3bfa70aa,20,id,1.0501105583828023,1.2234406710895342,0.9290617783379824,0.8740143923736666
0.3268266666666666,0.0,0.8736116413188671,10.032,17,0,1,0,residual_quarter,0.25,throughput,5002,0,6.967958219298026e+16,65b875afe8805a57065819d1a8ee3ac62002dfe5edb904e1b12270a594cd0cf0,20,id,1.0501105583828023,1.2234406710895342,0.9290617783379824,0.8740143923736666
0.8102916129032256,1.0,0.5086063389964686,4.76,15,0,2,0,mechanistic_calibrated,0.0,semantic,5002,1,1.8233214805797003e+19,3bfa5f8ce8d223db5797f6e850e8cf9dcc3ef8c9664faaee5f37186a4ca6f6ce,13,id,1.0501105583828023,1.2234406710895342,0.9290617783379824,0.8740143923736666
0.8102916129032256,1.0,0.5269022565694397,4.76,15,0,2,0,mechanistic_calibrated,0.0,throughput,5002,1,1.8233214805797003e+19,6a624e2a11f5c98353dba6525bff820c2b3bb101c63ff66185d3ad668f6442b8,13,id,1.0501105583828023,1.2234406710895342,0.9290617783379824,0.8740143923736666
0.9424,1.0,0.4403239494527999,2.36,12,1,2,1,oracle,1.0,semantic,5002,1,1.8233214805797003e+19,1fb6f910f46e9b36b0bab2f9a7a886464b88fe874249d5937dc9a7bedf2b5ae1,6,id,1.0501105583828023,1.2234406710895342,0.9290617783379824,0.8740143923736666
0.9424,1.0,0.4712030251145567,2.36,12,1,2,1,oracle,1.0,throughput,5002,1,1.8233214805797003e+19,aae2fcd6450e155ee007d72288c3fb9f47d1c971a72e7ef6bcad5156dc180c7f,6,id,1.0501105583828023,1.2234406710895342,0.9290617783379824,0.8740143923736666
0.8385875862068964,1.0,0.3050055628771874,6.98,13,0,1,0,residual_idcal,0.5,semantic,5002,1,1.8233214805797003e+19,9f996569eb9dec006f2a468b9c8130617a9f5b6b3006665e93ac7fca2685c3cd,6,id,1.0501105583828023,1.2234406710895342,0.9290617783379824,0.8740143923736666
0.8385875862068964,1.0,0.3185376591804651,6.98,13,0,1,0,residual_idcal,0.5,throughput,5002,1,1.8233214805797003e+19,181c11c113e2709cf64328469c77026280c353832170f57835167ff65149364c,6,id,1.0501105583828023,1.2234406710895342,0.9290617783379824,0.8740143923736666
0.5037108433734939,0.6666666666666666,0.5454348998986758,2.18,13,0,1,0,residual_predictive,1.0,semantic,5002,1,1.8233214805797003e+19,cc70672636e76e8624386566b035ceb913ea3780e23d8214afebbd4c944a3918,15,id,1.0501105583828023,1.2234406710895342,0.9290617783379824,0.8740143923736666
0.4594285714285713,0.6666666666666666,0.5726179336075372,2.18,17,0,1,0,residual_predictive,1.0,throughput,5002,1,1.8233214805797003e+19,4c6fb2a2dbc7c5ab2ebc102b398c3e6d415c994e4c70dc9e7660b1543ab302c7,17,id,1.0501105583828023,1.2234406710895342,0.9290617783379824,0.8740143923736666
0.8385875862068964,1.0,0.3050055628771874,6.98,13,0,1,0,residual_quarter,0.25,semantic,5002,1,1.8233214805797003e+19,0674b1c9c6d577f54b19bc2d44ca68c1b1f9c56a6eb0d059dca3083584e1b871,6,id,1.0501105583828023,1.2234406710895342,0.9290617783379824,0.8740143923736666
0.8385875862068964,1.0,0.3185376591804651,6.98,13,0,1,0,residual_quarter,0.25,throughput,5002,1,1.8233214805797003e+19,695a256bb00f1cd5a5a7a69253fe5f6061bef5ce4c1343aba91850c70128453a,6,id,1.0501105583828023,1.2234406710895342,0.9290617783379824,0.8740143923736666
0.7932509090909091,1.0,1.4567830415180902,6.231999999999999,10,0,1,0,mechanistic_calibrated,0.0,semantic,5003,0,1.269707887756934e+19,43b37fff8e4225e20b11c30b48f518677e2ac8a416aae17f398dd83bfd8cfcb8,19,id,1.236027212882245,1.148149511038981,0.9338228606100186,0.8418472054366081
0.7932509090909091,1.0,1.4738923187452142,6.231999999999999,10,0,1,0,mechanistic_calibrated,0.0,throughput,5003,0,1.269707887756934e+19,2a9e9d5b968a117edb424b078876d9f502a767457e8cbd4ef50234daea6128be,19,id,1.236027212882245,1.148149511038981,0.9338228606100186,0.8418472054366081
0.7074940540540542,1.0,0.8193242403074311,6.231999999999999,12,0,1,0,oracle,1.0,semantic,5003,0,1.269707887756934e+19,46cfec7501def361fb46218012b1e1c4d4dfd010d8042568e5d0a9b614519ae7,8,id,1.236027212882245,1.148149511038981,0.9338228606100186,0.8418472054366081
0.7074940540540542,1.0,0.8397992107025724,6.231999999999999,12,0,1,0,oracle,1.0,throughput,5003,0,1.269707887756934e+19,1d4ce8c93cdf15272aab19bc81054a56a2b0fae6d2d16953855f3b3074b64158,8,id,1.236027212882245,1.148149511038981,0.9338228606100186,0.8418472054366081
0.7932509090909091,1.0,1.4567830415180902,6.231999999999999,10,0,1,0,residual_idcal,0.5,semantic,5003,0,1.269707887756934e+19,b4e444ba40aad08c380f0e6c6081c68c3ba970986f34e89a5ff6579c94aa066c,19,id,1.236027212882245,1.148149511038981,0.9338228606100186,0.8418472054366081
0.7932509090909091,1.0,1.4738923187452142,6.231999999999999,10,0,1,0,residual_idcal,0.5,throughput,5003,0,1.269707887756934e+19,646efa27439d5660350592d4e48141879c2c55090a0a8bbd6fab127a4887b391,19,id,1.236027212882245,1.148149511038981,0.9338228606100186,0.8418472054366081
0.7932509090909091,1.0,1.4567830415180902,6.231999999999999,10,0,1,0,residual_predictive,1.0,semantic,5003,0,1.269707887756934e+19,1b612ed0563554af2bd1c1ab302e1cebcf19f2694eed62a22bc4d28b2d779191,19,id,1.236027212882245,1.148149511038981,0.9338228606100186,0.8418472054366081
0.7932509090909091,1.0,1.4738923187452142,6.231999999999999,10,0,1,0,residual_predictive,1.0,throughput,5003,0,1.269707887756934e+19,24c2c9f6a2a49b225ae2d9feb9831428585a33eeb3fcea3cf3c75e7f72fbdc16,19,id,1.236027212882245,1.148149511038981,0.9338228606100186,0.8418472054366081
0.7932509090909091,1.0,1.4567830415180902,6.231999999999999,10,0,1,0,residual_quarter,0.25,semantic,5003,0,1.269707887756934e+19,3749deba4aef770fa07f97fb11e96e4a076ed63703c7d9ea228894bcd6759c47,19,id,1.236027212882245,1.148149511038981,0.9338228606100186,0.8418472054366081
0.7932509090909091,1.0,1.4738923187452142,6.231999999999999,10,0,1,0,residual_quarter,0.25,throughput,5003,0,1.269707887756934e+19,b91b49a57d13c58e9ec42c14c431e870437c1a19511ba4600f1141830cf279a8,19,id,1.236027212882245,1.148149511038981,0.9338228606100186,0.8418472054366081
0.8461362637362638,1.0,0.3289501140821886,11.496,20,0,0,0,mechanistic_calibrated,0.0,semantic,5003,1,7.439637165637487e+18,0baa7e78876917958bbfcb5541f99dcfdbf13c9c99b9b3870bcd53f17100b376,10,id,1.236027212882245,1.148149511038981,0.9338228606100186,0.8418472054366081
0.5460879432624114,0.6,0.3545401607427711,11.496,24,0,0,0,mechanistic_calibrated,0.0,throughput,5003,1,7.439637165637487e+18,7ee15abe87ab931aa0476aa73625c39524e1037619aae30ab42f3e9488112ab6,13,id,1.236027212882245,1.148149511038981,0.9338228606100186,0.8418472054366081
0.8271261538461538,1.0,0.376235280341863,11.244,20,0,0,0,oracle,1.0,semantic,5003,1,7.439637165637487e+18,b94d27f4276786effbf43618bd738b6b6ddd93fe74f75ed83e20c164eefca66d,10,id,1.236027212882245,1.148149511038981,0.9338228606100186,0.8418472054366081
0.8464,1.0,0.307189014845496,10.024,24,1,0,0,oracle,1.0,throughput,5003,1,7.439637165637487e+18,8567a501c6bf45e1061d70e3da53649b83627af8d1406654e52900ddd902275d,16,id,1.236027212882245,1.148149511038981,0.9338228606100186,0.8418472054366081
0.8493935483870969,1.0,0.3019849156058589,7.843999999999999,14,0,0,0,residual_idcal,0.5,semantic,5003,1,7.439637165637487e+18,5a3a7416467095aeb833f38a0c992ddd3b37962eacaae0ea47e4deb043718f80,12,id,1.236027212882245,1.148149511038981,0.9338228606100186,0.8418472054366081
0.8635870967741938,1.0,0.3596195461135432,7.664,14,0,0,0,residual_idcal,0.5,throughput,5003,1,7.439637165637487e+18,cd8d90d118fc9f6aa6d54732f5f6210f7737f9d52f8c51c5fa222b236a9b68f1,14,id,1.236027212882245,1.148149511038981,0.9338228606100186,0.8418472054366081
0.361772972972973,0.5,0.4421608458977331,3.832,17,0,0,0,residual_predictive,1.0,semantic,5003,1,7.439637165637487e+18,b50b0ec65487ace763aa5d3f3258b509492005fc6f6c5c8dcdeef0ea55d31bf5,18,id,1.236027212882245,1.148149511038981,0.9338228606100186,0.8418472054366081
0.361772972972973,0.5,0.4427576072319936,3.832,17,0,0,0,residual_predictive,1.0,throughput,5003,1,7.439637165637487e+18,c0c95267284fcc7180ed142a536f1eac6086571051577ee77ed162e247ff543c,18,id,1.236027212882245,1.148149511038981,0.9338228606100186,0.8418472054366081
0.5185706666666667,0.5,0.3252933004614093,13.076,24,0,0,0,residual_quarter,0.25,semantic,5003,1,7.439637165637487e+18,e7f78914e126bf47ef6557c2df936757cd97f8aef5f28d0e326fe63a242a1488,23,id,1.236027212882245,1.148149511038981,0.9338228606100186,0.8418472054366081
0.4267313131313131,0.3333333333333333,0.3342718693914561,15.16,24,0,0,0,residual_quarter,0.25,throughput,5003,1,7.439637165637487e+18,6dbbe25b20d303528cf817107c3a973eb9f97f5f8fc7a7fa42105e741803035a,21,id,1.236027212882245,1.148149511038981,0.9338228606100186,0.8418472054366081
0.4958358974358974,0.5,0.4200138896168762,14.728000000000002,24,0,0,0,mechanistic_calibrated,0.0,semantic,5004,0,1.6513117422788475e+19,26f852d81582b975896e9eae5bfa5e5645a1ef8f3d83453ee1b17642202ec9f5,11,id,1.1211949902174096,1.18706383258966,0.9329327725276836,1.0039395557358226
0.4958358974358974,0.5,0.4228520630653782,14.728000000000002,24,0,0,0,mechanistic_calibrated,0.0,throughput,5004,0,1.6513117422788475e+19,c98e1cb9c7c6a1e99f647d1a1369f4ae8eae6ecd9b5b5326207c73e8bcaf3dbd,10,id,1.1211949902174096,1.18706383258966,0.9329327725276836,1.0039395557358226
0.4958358974358974,0.5,0.4200138896168762,14.728000000000002,24,0,0,0,oracle,1.0,semantic,5004,0,1.6513117422788475e+19,1f81dd62f7e3cb1b93449f6e1e19e864724c0f19f8e0b79e5e3501e8f1142c7a,11,id,1.1211949902174096,1.18706383258966,0.9329327725276836,1.0039395557358226
0.4958358974358974,0.5,0.4228520630653782,14.728000000000002,24,0,0,0,oracle,1.0,throughput,5004,0,1.6513117422788475e+19,ca2eb90443d80353118c88de0f85be16e069c01a878720642ee50dd230223a2a,10,id,1.1211949902174096,1.18706383258966,0.9329327725276836,1.0039395557358226
0.4958358974358974,0.5,0.4200138896168762,14.728000000000002,24,0,0,0,residual_idcal,0.5,semantic,5004,0,1.6513117422788475e+19,2605213c1c21e9b2e75c7b0445d12bc276bb594221a5b699409f28b2694bfe66,11,id,1.1211949902174096,1.18706383258966,0.9329327725276836,1.0039395557358226
0.4958358974358974,0.5,0.4228520630653782,14.728000000000002,24,0,0,0,residual_idcal,0.5,throughput,5004,0,1.6513117422788475e+19,9ebb7579d860e737518c75ee7d4855e4650efa454d8ec5e4e0d853db8ff8b209,10,id,1.1211949902174096,1.18706383258966,0.9329327725276836,1.0039395557358226
0.4900266666666666,0.5,0.5152728918032933,14.296,24,0,0,0,residual_predictive,1.0,semantic,5004,0,1.6513117422788475e+19,e05fa0c682ee9dfeb98d9d0527d0341e8f0ea9799a15b046fcfef1e22004cae8,11,id,1.1211949902174096,1.18706383258966,0.9329327725276836,1.0039395557358226
0.4900266666666666,0.5,0.5193356631884284,14.296,24,0,0,0,residual_predictive,1.0,throughput,5004,0,1.6513117422788475e+19,63b5e4f5f9fff3a1dfd1ed8b4b7608ed8f6af1729e7af50033078dbba60fc106,10,id,1.1211949902174096,1.18706383258966,0.9329327725276836,1.0039395557358226
0.4958358974358974,0.5,0.4200138896168762,14.728000000000002,24,0,0,0,residual_quarter,0.25,semantic,5004,0,1.6513117422788475e+19,2e2620e3adea0626befe72cc28f21a807975a73ba5fe692fca710374745c97cb,11,id,1.1211949902174096,1.18706383258966,0.9329327725276836,1.0039395557358226
0.4958358974358974,0.5,0.4228520630653782,14.728000000000002,24,0,0,0,residual_quarter,0.25,throughput,5004,0,1.6513117422788475e+19,343d8531ef0ce99e274150116e54eefea5ba1fb4abcc6209c6f65580c7a149b2,10,id,1.1211949902174096,1.18706383258966,0.9329327725276836,1.0039395557358226
0.65008,0.0,1.1034265961147758,7.632,13,0,2,0,mechanistic_calibrated,0.0,semantic,5004,1,1.32283278812203e+18,861b3a839af392224e05fff7f117ee2688e6d0aaf7a6c7941173cc3a27f7e11c,21,id,1.1211949902174096,1.18706383258966,0.9329327725276836,1.0039395557358226
0.65008,0.0,1.104259241967669,7.632,13,0,2,0,mechanistic_calibrated,0.0,throughput,5004,1,1.32283278812203e+18,b4f7a5c6300278aced37cf3489c1f3496629d5edf941d60d1a18e7cfd27c364c,21,id,1.1211949902174096,1.18706383258966,0.9329327725276836,1.0039395557358226
0.4678787878787879,0.5,0.9762617762662223,6.231999999999999,22,1,1,2,oracle,1.0,semantic,5004,1,1.32283278812203e+18,bc72b73acf7256e563702d57ce2538db91748aee2ab8206926bbb1b601c20ade,23,id,1.1211949902174096,1.18706383258966,0.9329327725276836,1.0039395557358226
0.8292214634146342,1.0,1.089845128618832,8.632,21,1,2,2,oracle,1.0,throughput,5004,1,1.32283278812203e+18,ca98604474caf4f2dd7441bebf15de3a3718c6720d83bf89425c4734cd48f305,17,id,1.1211949902174096,1.18706383258966,0.9329327725276836,1.0039395557358226
0.65008,0.0,1.1921643954320085,7.632,13,0,2,0,residual_idcal,0.5,semantic,5004,1,1.32283278812203e+18,1635edfe17dc88fb9061840ea75b4c93919e4ae84e3444cbe1d84480b4dc3d6b,22,id,1.1211949902174096,1.18706383258966,0.9329327725276836,1.0039395557358226
0.65008,0.0,1.1929970412849014,7.632,13,0,2,0,residual_idcal,0.5,throughput,5004,1,1.32283278812203e+18,d25dc0762fe099b9ca16e6ca815e599b2f5933514839c957a14dd2f8c362eeae,22,id,1.1211949902174096,1.18706383258966,0.9329327725276836,1.0039395557358226
0.9493333333333336,0.0,1.1528183551921634,7.632,14,1,2,1,residual_predictive,1.0,semantic,5004,1,1.32283278812203e+18,0c24d48d6294b49bcbd4cdbf7c7f5c3b67f15cd9927db8ee3fabf4899bf45036,15,id,1.1211949902174096,1.18706383258966,0.9329327725276836,1.0039395557358226
0.9493333333333336,0.0,1.1548389253733895,7.632,14,1,2,1,residual_predictive,1.0,throughput,5004,1,1.32283278812203e+18,0c03231012d385157ecb3b6b87bd0ab65945fc67c093c5da97099d8331f447db,15,id,1.1211949902174096,1.18706383258966,0.9329327725276836,1.0039395557358226
0.65008,0.0,1.1034265961147758,7.632,13,0,2,0,residual_quarter,0.25,semantic,5004,1,1.32283278812203e+18,8285a9404a8d00052045fb89c885b9bb26ffdee515bb324f6313c3c95b5d8005,21,id,1.1211949902174096,1.18706383258966,0.9329327725276836,1.0039395557358226
0.65008,0.0,1.104259241967669,7.632,13,0,2,0,residual_quarter,0.25,throughput,5004,1,1.32283278812203e+18,c340bae282b45726b4787ae720956110830235d595931af6074236c0a13ca6f4,21,id,1.1211949902174096,1.18706383258966,0.9329327725276836,1.0039395557358226
0.8,1.0,0.5880604486657879,3.4,6,0,0,0,mechanistic_calibrated,0.0,semantic,5300,0,6.708604580500176e+18,0e240a25904452c04df6b44d6e7e58f7e0fb22a0db1b786ca541120d89b79ece,4,weak_channel,0.8785677168726473,1.188933614267903,0.646564947901851,1.0322593905497333
0.8,1.0,0.5977567510280036,3.4,6,0,0,0,mechanistic_calibrated,0.0,throughput,5300,0,6.708604580500176e+18,eab97148017efaf079b5eee411a56eb473b478eb178ce31e1869c215350559be,4,weak_channel,0.8785677168726473,1.188933614267903,0.646564947901851,1.0322593905497333
0.8,1.0,0.5880604486657879,3.4,6,0,0,0,oracle,1.0,semantic,5300,0,6.708604580500176e+18,7f58fbfa74792a593cf841700dd4b76122b762815a6d9f19a33b66a6dfa3b957,4,weak_channel,0.8785677168726473,1.188933614267903,0.646564947901851,1.0322593905497333
0.8,1.0,0.5977567510280036,3.4,6,0,0,0,oracle,1.0,throughput,5300,0,6.708604580500176e+18,586b5040d8ce063e25237037eacd1c924903d3eac2f05356ceda93489df46175,4,weak_channel,0.8785677168726473,1.188933614267903,0.646564947901851,1.0322593905497333
0.8,1.0,0.5880604486657879,3.4,6,0,0,0,residual_idcal,0.5,semantic,5300,0,6.708604580500176e+18,55cefc2694e7b7d3947baef58c35ee1d15c2bf58932568d5afd94197916a08ad,4,weak_channel,0.8785677168726473,1.188933614267903,0.646564947901851,1.0322593905497333
0.8,1.0,0.5977567510280036,3.4,6,0,0,0,residual_idcal,0.5,throughput,5300,0,6.708604580500176e+18,6759db8dfbbe5eb542cdd5e5cce7d72f97e42c301c59c450f3a60c9fd9d1489d,4,weak_channel,0.8785677168726473,1.188933614267903,0.646564947901851,1.0322593905497333
0.8,1.0,0.5880604486657879,3.4,6,0,0,0,residual_predictive,1.0,semantic,5300,0,6.708604580500176e+18,940e24569d41217ebeda5785f65d6665660fa2fe5b44cb0a24e69ce8189d6d93,4,weak_channel,0.8785677168726473,1.188933614267903,0.646564947901851,1.0322593905497333
0.8,1.0,0.5977567510280036,3.4,6,0,0,0,residual_predictive,1.0,throughput,5300,0,6.708604580500176e+18,790a3fd825af7ac6c7dd1fb2fd999cb90ed6164e23cc8936a5781355eac228e8,4,weak_channel,0.8785677168726473,1.188933614267903,0.646564947901851,1.0322593905497333
0.8,1.0,0.5880604486657879,3.4,6,0,0,0,residual_quarter,0.25,semantic,5300,0,6.708604580500176e+18,dbe0befc2947d0226ad8e77dfcbf834d6d5b7981144e46009b1a4028009ed94e,4,weak_channel,0.8785677168726473,1.188933614267903,0.646564947901851,1.0322593905497333
0.8,1.0,0.5977567510280036,3.4,6,0,0,0,residual_quarter,0.25,throughput,5300,0,6.708604580500176e+18,958eeb9e74e16f39389d04fe15b8bddc57dae27f531213996bcf88599ae850a8,4,weak_channel,0.8785677168726473,1.188933614267903,0.646564947901851,1.0322593905497333
0.6168307070707071,0.6666666666666666,0.8398786372692384,11.78,24,0,0,0,mechanistic_calibrated,0.0,semantic,5300,1,1.1901699185731787e+19,f31eaab5a7b9918e7e9fb014058f6178e1c683439020da897962b6e738ce99c4,21,weak_channel,0.8785677168726473,1.188933614267903,0.646564947901851,1.0322593905497333
0.4850346666666666,0.5,0.858581000762357,10.812,24,0,0,0,mechanistic_calibrated,0.0,throughput,5300,1,1.1901699185731787e+19,4ecbde8389d6a48d348afa07cb5b3e3234e4965b3a9d0b87277a8f74e9dd07c7,21,weak_channel,0.8785677168726473,1.188933614267903,0.646564947901851,1.0322593905497333
0.6168307070707071,0.6666666666666666,0.8398786372692384,11.78,24,0,0,0,oracle,1.0,semantic,5300,1,1.1901699185731787e+19,9b6cb2223554a1f02797bd468f1f4972c671b0d33bf69427098deca8da2c5296,21,weak_channel,0.8785677168726473,1.188933614267903,0.646564947901851,1.0322593905497333
0.4850346666666666,0.5,0.858581000762357,10.812,24,0,0,0,oracle,1.0,throughput,5300,1,1.1901699185731787e+19,d3d96cfc9c22a21e7879173d0f918b3a6cc887ba8fd8b98054b01186281f75a3,21,weak_channel,0.8785677168726473,1.188933614267903,0.646564947901851,1.0322593905497333
0.7409470270270271,1.0,1.1873775724203757,6.98,20,0,0,0,residual_idcal,0.5,semantic,5300,1,1.1901699185731787e+19,52cedc1c3f1e9f375a439ed5275925dfb57330d6ff4eb5f0c66e43b3e8251561,25,weak_channel,0.8785677168726473,1.188933614267903,0.646564947901851,1.0322593905497333
0.5884896969696968,0.6666666666666666,0.7741246630867732,11.244,24,0,0,0,residual_idcal,0.5,throughput,5300,1,1.1901699185731787e+19,afbc72efadd910064593c600d6a33156de1c549d6ca9a4697ab787add7a870f6,23,weak_channel,0.8785677168726473,1.188933614267903,0.646564947901851,1.0322593905497333
0.7409470270270271,1.0,1.1873775724203757,6.98,20,0,0,0,residual_predictive,1.0,semantic,5300,1,1.1901699185731787e+19,8cbe73acca241e6a3de847e9ce7b37f8eba56bde14f13c67fe8836993f3c60ea,25,weak_channel,0.8785677168726473,1.188933614267903,0.646564947901851,1.0322593905497333
0.5839127272727271,0.6666666666666666,0.7964471232755913,10.812,24,0,0,0,residual_predictive,1.0,throughput,5300,1,1.1901699185731787e+19,fcc6033947c9938b9a7bed3fb891f39bc2be66d869637a21ce96d16a97cd5011,23,weak_channel,0.8785677168726473,1.188933614267903,0.646564947901851,1.0322593905497333
0.6305547252747253,0.6666666666666666,1.1435582135828226,10.424,24,1,0,2,residual_quarter,0.25,semantic,5300,1,1.1901699185731787e+19,207a0c0dc785be0846b4eae0f63aaca9140db3456920f32ad285763c08298b90,20,weak_channel,0.8785677168726473,1.188933614267903,0.646564947901851,1.0322593905497333
0.4746206896551724,0.5,1.0476753145355435,9.024,26,1,0,2,residual_quarter,0.25,throughput,5300,1,1.1901699185731787e+19,340b9c9094f5a402630f919ea838db97fb3a44adfd082ccc00e380afb6f76be2,19,weak_channel,0.8785677168726473,1.188933614267903,0.646564947901851,1.0322593905497333
0.8078399999999999,0.0,0.1795788306050779,10.032,13,0,1,0,mechanistic_calibrated,0.0,semantic,5301,0,8.945393392005883e+18,30d042e2673ebdd5326cfab19ec1873db323af78aadd3ba7b10cb5dc14e19f41,6,weak_channel,1.2261875101052804,1.1078774998521677,0.7947622718136561,0.9169051292373636
0.8078399999999999,0.0,0.1805349377330882,10.032,13,0,1,0,mechanistic_calibrated,0.0,throughput,5301,0,8.945393392005883e+18,2720b3c5f8cc8babf80efbe8aadbb8e9b3bd2e1bb99b6294f9e2166da8d51c9c,6,weak_channel,1.2261875101052804,1.1078774998521677,0.7947622718136561,0.9169051292373636
0.8078399999999999,0.0,0.1795788306050779,10.032,13,0,1,0,oracle,1.0,semantic,5301,0,8.945393392005883e+18,6ff4b241f48c36f5b7594789a071a0064656866fb8cf02fe429cea5f60b9490c,6,weak_channel,1.2261875101052804,1.1078774998521677,0.7947622718136561,0.9169051292373636
0.8078399999999999,0.0,0.1805349377330882,10.032,13,0,1,0,oracle,1.0,throughput,5301,0,8.945393392005883e+18,a0fb2757fdcb9e1a80e70c23506e435f72d3441614d5821979b1292d96b037c8,6,weak_channel,1.2261875101052804,1.1078774998521677,0.7947622718136561,0.9169051292373636
0.8078399999999999,0.0,0.1795788306050779,10.032,13,0,1,0,residual_idcal,0.5,semantic,5301,0,8.945393392005883e+18,fd19ee1511e377ed56adec5d7e799524d7dc7b55775e82827d8c219427d8082f,6,weak_channel,1.2261875101052804,1.1078774998521677,0.7947622718136561,0.9169051292373636
0.8078399999999999,0.0,0.1805349377330882,10.032,13,0,1,0,residual_idcal,0.5,throughput,5301,0,8.945393392005883e+18,16371f652bc04855eeb0386b30bc06ee8bcb0aad5ebf06594ed74c9f95507d2d,6,weak_channel,1.2261875101052804,1.1078774998521677,0.7947622718136561,0.9169051292373636
0.8078399999999999,0.0,0.1795788306050779,10.032,13,0,1,0,residual_predictive,1.0,semantic,5301,0,8.945393392005883e+18,560d05476e924ab25ea7ae18ff956f4d5cc3facc5ae3f04ab7a0392cb7502f15,6,weak_channel,1.2261875101052804,1.1078774998521677,0.7947622718136561,0.9169051292373636
0.8078399999999999,0.0,0.1805349377330882,10.032,13,0,1,0,residual_predictive,1.0,throughput,5301,0,8.945393392005883e+18,4d9f86223647b7369a9f5b57b3c5d100e58bc8be4ea1670810e544d071f9e4cb,6,weak_channel,1.2261875101052804,1.1078774998521677,0.7947622718136561,0.9169051292373636
0.8078399999999999,0.0,0.1795788306050779,10.032,13,0,1,0,residual_quarter,0.25,semantic,5301,0,8.945393392005883e+18,a0cf04e98a637406927fb246635228579f0b7a55c125089d6cb51e86c3ad2d2b,6,weak_channel,1.2261875101052804,1.1078774998521677,0.7947622718136561,0.9169051292373636
0.8078399999999999,0.0,0.1805349377330882,10.032,13,0,1,0,residual_quarter,0.25,throughput,5301,0,8.945393392005883e+18,bf2eeee7e82ec4359b85db19dbc4d67d87855feef05fd680f2ddeb727b3c43fd,6,weak_channel,1.2261875101052804,1.1078774998521677,0.7947622718136561,0.9169051292373636
0.8933866666666668,1.0,0.7784686384519144,15.004,27,0,1,0,mechanistic_calibrated,0.0,semantic,5301,1,1.4101344643616395e+19,c6c389af3a92a6aee0e833587daefd3abe503ec9c17dc7ee928ebeb109ae1c2d,35,weak_channel,1.2261875101052804,1.1078774998521677,0.7947622718136561,0.9169051292373636
0.8933866666666668,1.0,0.7910464743230217,15.004,27,0,1,0,mechanistic_calibrated,0.0,throughput,5301,1,1.4101344643616395e+19,56ba35620fce462b458914e29bb3837a47b60a9f06c67ca441da70f1f04b7621,34,weak_channel,1.2261875101052804,1.1078774998521677,0.7947622718136561,0.9169051292373636
0.5643574468085106,0.6,0.8915996106070745,13.644,26,0,1,0,oracle,1.0,semantic,5301,1,1.4101344643616395e+19,d84d6bcc72289becd533965ad50419512aabda477f5f35ca106d4fef7f54b5c8,35,weak_channel,1.2261875101052804,1.1078774998521677,0.7947622718136561,0.9169051292373636
0.5380312056737588,0.6,0.9419100816971874,11.244,25,0,1,0,oracle,1.0,throughput,5301,1,1.4101344643616395e+19,13ce6b63acd1293e4768106dc62f95055d46310f648357fff92e28eff4d98d39,33,weak_channel,1.2261875101052804,1.1078774998521677,0.7947622718136561,0.9169051292373636
0.7725669902912621,1.0,0.6226291265966449,11.244,27,0,1,0,residual_idcal,0.5,semantic,5301,1,1.4101344643616395e+19,fad0637ca578bf0ca0c75c2c99645f14ad3c3b3c0d2777b75f5b52f5b8f61be6,35,weak_channel,1.2261875101052804,1.1078774998521677,0.7947622718136561,0.9169051292373636
0.7725669902912621,1.0,0.6281423227640912,11.244,27,0,1,0,residual_idcal,0.5,throughput,5301,1,1.4101344643616395e+19,5ba55f71244a6b6a951012b27d10efbd53c4893347d602d7a88b6cc9ae41e636,35,weak_channel,1.2261875101052804,1.1078774998521677,0.7947622718136561,0.9169051292373636
0.4893935483870967,0.5,1.0338702664982748,7.664,15,0,1,0,residual_predictive,1.0,semantic,5301,1,1.4101344643616395e+19,250402012cf8edc78d3ae96812263b9f5ecf554d6c0bc8e865346fecbcf9f39b,37,weak_channel,1.2261875101052804,1.1078774998521677,0.7947622718136561,0.9169051292373636
0.4893935483870967,0.5,1.041561206865371,7.664,15,0,1,0,residual_predictive,1.0,throughput,5301,1,1.4101344643616395e+19,5bd0ae93536fd44cad6d0c4955dab4f82849792cf9d1c86c5a07f6826f9f0848,37,weak_channel,1.2261875101052804,1.1078774998521677,0.7947622718136561,0.9169051292373636
0.7365281553398058,1.0,0.6226600269315372,11.244,27,0,1,0,residual_quarter,0.25,semantic,5301,1,1.4101344643616395e+19,fd5c8f8c4e4fe1c4b6fccbe0526c578dfc826a621f8004b0e3efc06228dbac89,35,weak_channel,1.2261875101052804,1.1078774998521677,0.7947622718136561,0.9169051292373636
0.7365281553398058,1.0,0.6281853833902266,11.244,27,0,1,0,residual_quarter,0.25,throughput,5301,1,1.4101344643616395e+19,01260ed3591630cc70cb405f32b13264cee107fad0dac3cb81e4e3a743071d4b,35,weak_channel,1.2261875101052804,1.1078774998521677,0.7947622718136561,0.9169051292373636
0.8330338461538461,1.0,0.3236560504657859,8.411999999999999,20,0,1,0,mechanistic_calibrated,0.0,semantic,5302,0,7.685698163841822e+18,6d3b7b2757aaf7efae270b4440abf5ae5ed2af208823e2c2fd5929b35adca04a,9,weak_channel,0.962274437318704,1.042837904038861,0.6693299536985094,0.9430477422047792
0.8330338461538461,1.0,0.3253295878728345,8.411999999999999,20,0,1,0,mechanistic_calibrated,0.0,throughput,5302,0,7.685698163841822e+18,8ccca51755c7924e05f3391c58a7360a8fb04befdcbb990f971b4a6bcdde2174,9,weak_channel,0.962274437318704,1.042837904038861,0.6693299536985094,0.9430477422047792
0.8302206593406593,1.0,0.2868115885066796,7.98,20,0,1,0,oracle,1.0,semantic,5302,0,7.685698163841822e+18,dab55d7cb044e5f241365594e2e721ce3c5c2eeeb04880b7a9caf804dcd5cffc,8,weak_channel,0.962274437318704,1.042837904038861,0.6693299536985094,0.9430477422047792
0.8302206593406593,1.0,0.2884062296401451,7.98,20,0,1,0,oracle,1.0,throughput,5302,0,7.685698163841822e+18,8091b08c781a39972406226c176aec62d4c527c10fc51c7f7edeb201cd1d7bf1,8,weak_channel,0.962274437318704,1.042837904038861,0.6693299536985094,0.9430477422047792
0.8330338461538461,1.0,0.3236560504657859,8.411999999999999,20,0,1,0,residual_idcal,0.5,semantic,5302,0,7.685698163841822e+18,860a5d4aec04ecec14e2f1f689154c6490b801db6abf62771015f8b706f87889,9,weak_channel,0.962274437318704,1.042837904038861,0.6693299536985094,0.9430477422047792
0.8156101149425287,1.0,0.3883641150147375,5.76,20,1,1,1,residual_idcal,0.5,throughput,5302,0,7.685698163841822e+18,1500b54f3d70e1e4de9193a92844a2ca944c9bc454ec740cdaa3fb8a77e9f5c3,10,weak_channel,0.962274437318704,1.042837904038861,0.6693299536985094,0.9430477422047792
0.8257250574712643,1.0,0.3858592858764278,5.58,20,1,1,1,residual_predictive,1.0,semantic,5302,0,7.685698163841822e+18,318de0bab51180587d718db113c2a710987aa264e8da725df948c85ae14b450a,10,weak_channel,0.962274437318704,1.042837904038861,0.6693299536985094,0.9430477422047792
0.8615650574712643,1.0,0.3543293610585515,7.98,18,0,1,0,residual_predictive,1.0,throughput,5302,0,7.685698163841822e+18,7770c03a8572ace1928fd9b8e7bc8d3af2ab9255a7a938854c7ff59961200b58,11,weak_channel,0.962274437318704,1.042837904038861,0.6693299536985094,0.9430477422047792
0.8330338461538461,1.0,0.3236560504657859,8.411999999999999,20,0,1,0,residual_quarter,0.25,semantic,5302,0,7.685698163841822e+18,df5892ff4e4cf3d255bc6e6df5ed0a484a1579352259f3bee85a326677adafb9,9,weak_channel,0.962274437318704,1.042837904038861,0.6693299536985094,0.9430477422047792
0.8330338461538461,1.0,0.3253295878728345,8.411999999999999,20,0,1,0,residual_quarter,0.25,throughput,5302,0,7.685698163841822e+18,726469002992c6a1c583dab5b325eaa4b58ac8c36433c5e0cd5ee8f1f43c1d72,9,weak_channel,0.962274437318704,1.042837904038861,0.6693299536985094,0.9430477422047792
0.4871783783783784,0.5,1.0367089253884418,10.244,22,0,1,0,mechanistic_calibrated,0.0,semantic,5302,1,1.1078451412422402e+19,f89cc2f7425ba5db503686177b3fd335b7a726ca1d6b4f883a3a11284fe8db79,25,weak_channel,0.962274437318704,1.042837904038861,0.6693299536985094,0.9430477422047792
0.4871783783783784,0.5,1.038860079215122,10.244,22,0,1,0,mechanistic_calibrated,0.0,throughput,5302,1,1.1078451412422402e+19,0db1699ffecb974a70d0441c725662c2db3dbee7d8a9a9f792a8b96462d5605a,25,weak_channel,0.962274437318704,1.042837904038861,0.6693299536985094,0.9430477422047792
0.1999999999999999,0.25,0.0174699830571192,1.0,18,0,1,0,oracle,1.0,semantic,5302,1,1.1078451412422402e+19,c07edbade1069ff03707e9a91037b3709dc470b22fbd6dcb5ee9db27bedaa1c3,48,weak_channel,0.962274437318704,1.042837904038861,0.6693299536985094,0.9430477422047792
0.4781737931034482,0.5,0.6424404638919113,10.38,23,0,1,0,oracle,1.0,throughput,5302,1,1.1078451412422402e+19,b2065b574eed036dc89542fc721f69e02331213a51f4157e4112fac6e98ae1b2,25,weak_channel,0.962274437318704,1.042837904038861,0.6693299536985094,0.9430477422047792
0.2051368421052631,0.3333333333333333,0.4543581785852888,1.0,18,0,1,0,residual_idcal,0.5,semantic,5302,1,1.1078451412422402e+19,8bb9da18bd8a950b1aaad711757cfa333b38e0499181a0cdafe8c1e8b68f0822,49,weak_channel,0.962274437318704,1.042837904038861,0.6693299536985094,0.9430477422047792
0.8266206896551724,1.0,0.8792043265879576,9.412,23,0,1,0,residual_idcal,0.5,throughput,5302,1,1.1078451412422402e+19,845603bd680880a94c21639944222353f9c0d4e50a287e563e7dde9048b03508,25,weak_channel,0.962274437318704,1.042837904038861,0.6693299536985094,0.9430477422047792
0.1679999999999999,0.25,0.4544453517464566,1.0,18,0,1,0,residual_predictive,1.0,semantic,5302,1,1.1078451412422402e+19,55d0ec9fcf58a95ffd1267e8a01b59b02158dcdecdc0f070264b8f20a1e30fe6,50,weak_channel,0.962274437318704,1.042837904038861,0.6693299536985094,0.9430477422047792
0.6124239416058394,0.8,0.7342858151338918,6.58,22,0,1,0,residual_predictive,1.0,throughput,5302,1,1.1078451412422402e+19,b9f3f13f66c6f67ebad9a3fcb0f88c616adf732c67b755c5b3199c90868fe5ce,25,weak_channel,0.962274437318704,1.042837904038861,0.6693299536985094,0.9430477422047792
0.6057333333333332,0.75,0.7653435100922548,8.411999999999999,24,0,1,0,residual_quarter,0.25,semantic,5302,1,1.1078451412422402e+19,963db28c3d3eb072e83fde91bf11033bbfa14565f3b6b9c3a6767e5653970749,21,weak_channel,0.962274437318704,1.042837904038861,0.6693299536985094,0.9430477422047792
0.6020850526315787,0.6666666666666666,0.6716611186861424,12.032,23,0,1,0,residual_quarter,0.25,throughput,5302,1,1.1078451412422402e+19,fc6d39e4f47a77b6a3364f2a74f39c7145112c59316f5afceab88fdbb9a389a7,20,weak_channel,0.962274437318704,1.042837904038861,0.6693299536985094,0.9430477422047792
0.7545991836734696,1.0,0.5701425519715789,13.864,22,0,2,0,mechanistic_calibrated,0.0,semantic,5303,0,2.858913246012781e+18,105c01f233714175e0fe5c7de0513d0f2a20d2aaff984ba69b5b8877c8137bb8,16,weak_channel,1.1245773440493034,1.2381343267145195,0.6636580866989563,1.2221114365915011
0.7545991836734696,1.0,0.574329550611531,13.864,22,0,2,0,mechanistic_calibrated,0.0,throughput,5303,0,2.858913246012781e+18,82e206d4b2d7fe87094a0c8efe8db848a4d1869a539cd28a657f4681d37badb8,15,weak_channel,1.1245773440493034,1.2381343267145195,0.6636580866989563,1.2221114365915011
0.7545991836734696,1.0,0.5701425519715789,13.864,22,0,2,0,oracle,1.0,semantic,5303,0,2.858913246012781e+18,0b59407a40f8628fec1003a20b5e26a0a70c88a3dbe49a5e2d2a672e13c11219,16,weak_channel,1.1245773440493034,1.2381343267145195,0.6636580866989563,1.2221114365915011
0.7545991836734696,1.0,0.574329550611531,13.864,22,0,2,0,oracle,1.0,throughput,5303,0,2.858913246012781e+18,a3d8066fa80fe842949ded3b95eb9109dfc64e43edf3d2727654460cd05d958d,15,weak_channel,1.1245773440493034,1.2381343267145195,0.6636580866989563,1.2221114365915011
0.7545991836734696,1.0,0.5701425519715789,13.864,22,0,2,0,residual_idcal,0.5,semantic,5303,0,2.858913246012781e+18,503b2b6549b337ba5275be9aab538e72725f5a4f27dd3c8d0b3a44e5c230d605,16,weak_channel,1.1245773440493034,1.2381343267145195,0.6636580866989563,1.2221114365915011
0.7545991836734696,1.0,0.574329550611531,13.864,22,0,2,0,residual_idcal,0.5,throughput,5303,0,2.858913246012781e+18,a0c2801a196b8cf7a14590e8bd96dfd46e3fa3e3b77ac9ccdde63dc3f4aabc50,15,weak_channel,1.1245773440493034,1.2381343267145195,0.6636580866989563,1.2221114365915011
0.7545991836734696,1.0,0.5701425519715789,13.864,22,0,2,0,residual_predictive,1.0,semantic,5303,0,2.858913246012781e+18,0f507016bb14137c89f6f181fe9cdefa7a00b0005e583fc6519723beb67b65ce,16,weak_channel,1.1245773440493034,1.2381343267145195,0.6636580866989563,1.2221114365915011
0.7545991836734696,1.0,0.574329550611531,13.864,22,0,2,0,residual_predictive,1.0,throughput,5303,0,2.858913246012781e+18,663b2fbafbbb15535682bb3720ff7ca260f5b151e2055f2eb724eea6b86e655c,15,weak_channel,1.1245773440493034,1.2381343267145195,0.6636580866989563,1.2221114365915011
0.7545991836734696,1.0,0.5701425519715789,13.864,22,0,2,0,residual_quarter,0.25,semantic,5303,0,2.858913246012781e+18,762558504c10620b303c81a15850c49454c87a22da88b363e6caf695969b81d6,16,weak_channel,1.1245773440493034,1.2381343267145195,0.6636580866989563,1.2221114365915011
0.7545991836734696,1.0,0.574329550611531,13.864,22,0,2,0,residual_quarter,0.25,throughput,5303,0,2.858913246012781e+18,e5fab13dcf212e659082a20db989eeaefc5194879e8e243846b745609f3c6ce7,15,weak_channel,1.1245773440493034,1.2381343267145195,0.6636580866989563,1.2221114365915011
0.8089254054054054,1.0,0.5380652307862662,10.424,22,0,1,0,mechanistic_calibrated,0.0,semantic,5303,1,6.128573271733168e+18,b75dea9340c0675d27c8c297441da15dd6ed246d47aa1d3046f988d5a9269078,26,weak_channel,1.1245773440493034,1.2381343267145195,0.6636580866989563,1.2221114365915011
0.8420851612903225,1.0,0.3691524201845261,7.411999999999999,16,0,2,0,mechanistic_calibrated,0.0,throughput,5303,1,6.128573271733168e+18,7ba1c4a99245e0efcd08085cae60f1900b5e65dfd0a477cb886674ae06bb399f,17,weak_channel,1.1245773440493034,1.2381343267145195,0.6636580866989563,1.2221114365915011
0.8089254054054054,1.0,0.5380652307862662,10.424,22,0,1,0,oracle,1.0,semantic,5303,1,6.128573271733168e+18,013a35c3165c041f5e3adf61ba996670e4b809c733f0b321d7eae9755a1a92c0,26,weak_channel,1.1245773440493034,1.2381343267145195,0.6636580866989563,1.2221114365915011
0.5879299346405228,0.8,0.6882241742385004,9.412,35,1,1,2,oracle,1.0,throughput,5303,1,6.128573271733168e+18,572c057345c9881293e586af38c7dc7f7ec7c4430443982c8d6b6c3f7434bfad,48,weak_channel,1.1245773440493034,1.2381343267145195,0.6636580866989563,1.2221114365915011
0.8089254054054054,1.0,0.5380652307862662,10.424,22,0,1,0,residual_idcal,0.5,semantic,5303,1,6.128573271733168e+18,1675c3d35f60b07228d30d6c0e5e3829222475784692b6f61b4f5fb43b9f211e,26,weak_channel,1.1245773440493034,1.2381343267145195,0.6636580866989563,1.2221114365915011
0.8420851612903225,1.0,0.3691524201845261,7.411999999999999,16,0,2,0,residual_idcal,0.5,throughput,5303,1,6.128573271733168e+18,5343e84ce8554771fb6987bc6b0dc8072e8a3dbacfa954d892fd560793cac546,17,weak_channel,1.1245773440493034,1.2381343267145195,0.6636580866989563,1.2221114365915011
0.4171377777777778,0.3333333333333333,0.6356106103303844,14.044,25,0,1,0,residual_predictive,1.0,semantic,5303,1,6.128573271733168e+18,88213e20aeff408aad2a1244f11c4a08dffd59a3c2dad5907d33326cb72eea2c,24,weak_channel,1.1245773440493034,1.2381343267145195,0.6636580866989563,1.2221114365915011
0.8420851612903225,1.0,0.3691524201845261,7.411999999999999,16,0,2,0,residual_predictive,1.0,throughput,5303,1,6.128573271733168e+18,b667faf2ef79248312671fe5a5a347fb6eae9afd6827cb78a8fd272e5fda8fa9,17,weak_channel,1.1245773440493034,1.2381343267145195,0.6636580866989563,1.2221114365915011
0.8089254054054054,1.0,0.5380652307862662,10.424,22,0,1,0,residual_quarter,0.25,semantic,5303,1,6.128573271733168e+18,3d389dcbdaf170fc81dba4e2b94834f21cea26ee32a433843967e54f240a318e,26,weak_channel,1.1245773440493034,1.2381343267145195,0.6636580866989563,1.2221114365915011
0.8420851612903225,1.0,0.3691524201845261,7.411999999999999,16,0,2,0,residual_quarter,0.25,throughput,5303,1,6.128573271733168e+18,6bc20e63bc715ec1a4b0677720c351e9ab3982b34d84a4e48ae04799261e61c7,17,weak_channel,1.1245773440493034,1.2381343267145195,0.6636580866989563,1.2221114365915011
0.5274118918918919,0.5,0.7324735311349808,12.076,21,0,0,0,mechanistic_calibrated,0.0,semantic,5304,0,1.2043875574495468e+18,3e23db72c1de869529aaf05b4f91a2eab19a052d30996767b6f295f7af00d4c0,23,weak_channel,1.0622097725819173,1.0314073746353047,0.6590780796395239,1.0198930278293403
0.5274118918918919,0.5,0.7339189618428876,12.076,21,0,0,0,mechanistic_calibrated,0.0,throughput,5304,0,1.2043875574495468e+18,a9eb5e50cdb903a063541d7d2413729d51de917fa3f00d90d5eeaa713b91a233,22,weak_channel,1.0622097725819173,1.0314073746353047,0.6590780796395239,1.0198930278293403
0.8248035555555556,1.0,0.8943371871751964,13.432,24,1,1,2,oracle,1.0,semantic,5304,0,1.2043875574495468e+18,cde4de5ae362efbc4353bdae5139b8ef1747abbb0ca6397f3a007b1ecf990f0c,17,weak_channel,1.0622097725819173,1.0314073746353047,0.6590780796395239,1.0198930278293403
0.8248035555555556,1.0,0.8969616941453031,13.432,24,1,1,2,oracle,1.0,throughput,5304,0,1.2043875574495468e+18,7574fbd2fbf87d030e20f2ce8fb92db30fe831d68a0936d25d48d05953133510,17,weak_channel,1.0622097725819173,1.0314073746353047,0.6590780796395239,1.0198930278293403
0.5274118918918919,0.5,0.4702670115800721,12.076,21,0,0,0,residual_idcal,0.5,semantic,5304,0,1.2043875574495468e+18,3827e5a0865f8c76a36f03a41b76d3b93bec794f83db6f7317fd63e0970c53f0,24,weak_channel,1.0622097725819173,1.0314073746353047,0.6590780796395239,1.0198930278293403
0.5274118918918919,0.5,0.4721089013141283,12.076,21,0,0,0,residual_idcal,0.5,throughput,5304,0,1.2043875574495468e+18,e5581668e605333b9ffdd11de049939542244e76a4ba1de08eb3fdac0fa85cc8,24,weak_channel,1.0622097725819173,1.0314073746353047,0.6590780796395239,1.0198930278293403
0.9239771428571428,1.0,0.779605715823177,13.688,21,0,1,0,residual_predictive,1.0,semantic,5304,0,1.2043875574495468e+18,358379e7718d67926a2c0adf61cc60a8264b914f5a6323bd28d3f845f0bb81ca,17,weak_channel,1.0622097725819173,1.0314073746353047,0.6590780796395239,1.0198930278293403
0.9239771428571428,1.0,0.7867778016663172,13.688,21,0,1,0,residual_predictive,1.0,throughput,5304,0,1.2043875574495468e+18,2cb531cc985769ffd1f005f8a96959e4c02ecb54fe5f2388024bca83036a3417,17,weak_channel,1.0622097725819173,1.0314073746353047,0.6590780796395239,1.0198930278293403
0.5274118918918919,0.5,0.369841954623579,12.076,21,0,0,0,residual_quarter,0.25,semantic,5304,0,1.2043875574495468e+18,825d0e6952261ff80ebdefd6f1a2910c397dd0c17aa5bdad3cc2dd05c841197d,23,weak_channel,1.0622097725819173,1.0314073746353047,0.6590780796395239,1.0198930278293403
0.5274118918918919,0.5,0.3706761685154834,12.076,21,0,0,0,residual_quarter,0.25,throughput,5304,0,1.2043875574495468e+18,80659360d77a687c252ba1fc9aa08caf45959aa7ec5aa7846972d1f999a546d7,22,weak_channel,1.0622097725819173,1.0314073746353047,0.6590780796395239,1.0198930278293403
0.8002381395348838,1.0,0.4639949475199267,21.392,36,1,2,1,mechanistic_calibrated,0.0,semantic,5304,1,1.154825540181859e+19,e8538e6e0fcb2311cea8d17219b6c3c5fe32794e7fd4d1bca040690c075b1f8c,28,weak_channel,1.0622097725819173,1.0314073746353047,0.6590780796395239,1.0198930278293403
0.8002381395348838,1.0,0.4680660141606918,21.392,36,1,2,1,mechanistic_calibrated,0.0,throughput,5304,1,1.154825540181859e+19,d49c2f1962c995bbd27ce67fc38cc767640ba88a37902c61edb6a2aa523e0895,28,weak_channel,1.0622097725819173,1.0314073746353047,0.6590780796395239,1.0198930278293403
0.7945142857142857,0.0,0.2942074065482298,15.695999999999998,25,1,1,1,oracle,1.0,semantic,5304,1,1.154825540181859e+19,7b0b1fa6e1c8a2df3e35937c88ed52b29bb4afc4860f2ce38b0a5fe10f3163a7,11,weak_channel,1.0622097725819173,1.0314073746353047,0.6590780796395239,1.0198930278293403
0.7945142857142857,0.0,0.2948124939452211,15.695999999999998,25,1,1,1,oracle,1.0,throughput,5304,1,1.154825540181859e+19,8ef8da2488b7448bef2e097e035f89947fd4900e6b10bd85e5c89b581c748cde,11,weak_channel,1.0622097725819173,1.0314073746353047,0.6590780796395239,1.0198930278293403
0.4615888372093024,0.5,0.5127245690685398,13.864,37,1,1,3,residual_idcal,0.5,semantic,5304,1,1.154825540181859e+19,100e6cf664e7f1656151a3ea7a7c56d10395a62cf25c2917debbdcf89ddb1476,32,weak_channel,1.0622097725819173,1.0314073746353047,0.6590780796395239,1.0198930278293403
0.4615888372093024,0.5,0.5192710549449688,13.864,36,1,1,3,residual_idcal,0.5,throughput,5304,1,1.154825540181859e+19,fe347ee3b8ee96593504eef503913bbfb953580772c71be6213eada188559bc5,32,weak_channel,1.0622097725819173,1.0314073746353047,0.6590780796395239,1.0198930278293403
0.6909648979591836,1.0,0.7952617555918311,18.128,36,0,1,0,residual_predictive,1.0,semantic,5304,1,1.154825540181859e+19,6b8e80ecd2aae45d91ca018d547d97d5fe6e188bcd4542a236131b2fa17195cb,65,weak_channel,1.0622097725819173,1.0314073746353047,0.6590780796395239,1.0198930278293403
0.7072914285714286,1.0,0.7911577072280687,18.308,36,0,1,0,residual_predictive,1.0,throughput,5304,1,1.154825540181859e+19,6c157d5cc12f744e876f96a1dfdd8d70390ed8a5f8dbcc6b7d6010b32c9c9ddb,65,weak_channel,1.0622097725819173,1.0314073746353047,0.6590780796395239,1.0198930278293403
0.5152,0.5,0.4061479576284751,15.16,31,1,1,1,residual_quarter,0.25,semantic,5304,1,1.154825540181859e+19,18219998196aeac05e1a11ab766175217e086a02867c02a1baca3541b5db48dc,36,weak_channel,1.0622097725819173,1.0314073746353047,0.6590780796395239,1.0198930278293403
0.7540986046511629,1.0,0.3826943626970733,18.56,32,0,2,0,residual_quarter,0.25,throughput,5304,1,1.154825540181859e+19,8a40c126e1408322de389ce19e28de3307dd34c4e57e618f768c1a4c5b716129,31,weak_channel,1.0622097725819173,1.0314073746353047,0.6590780796395239,1.0198930278293403
